country,indicator,year,value
IDN,NY.GDP.MKTP.KD.ZG,2025,5.10808904438025
IDN,NY.GDP.MKTP.KD.ZG,2024,5.03257477088519
IDN,NY.GDP.MKTP.KD.ZG,2023,5.04883117855516
IDN,NY.GDP.MKTP.KD.ZG,2022,5.30719722664799
IDN,NY.GDP.MKTP.KD.ZG,2021,3.70288562827751
IDN,NY.GDP.MKTP.KD.ZG,2020,-2.06551182934165
IDN,NY.GDP.MKTP.KD.ZG,2019,5.01928768046282
IDN,NY.GDP.MKTP.KD.ZG,2018,5.17429153955024
IDN,NY.GDP.MKTP.KD.ZG,2017,5.06978590134916
IDN,NY.GDP.MKTP.KD.ZG,2016,5.03306918280177
IDN,NY.GDP.MKTP.KD.ZG,2015,4.87632230022123
IDN,NY.GDP.MKTP.KD.ZG,2014,5.006668425755
IDN,NY.GDP.MKTP.KD.ZG,2013,5.5572636889101
IDN,NY.GDP.MKTP.KD.ZG,2012,6.03005065305615
IDN,NY.GDP.MKTP.KD.ZG,2011,6.16978420771008
IDN,NY.GDP.MKTP.KD.ZG,2010,6.22385418062366
IDN,NY.GDP.MKTP.KD.ZG,2009,4.62887118256153
IDN,NY.GDP.MKTP.KD.ZG,2008,6.01370360009123
IDN,NY.GDP.MKTP.KD.ZG,2007,6.34502222667214
IDN,NY.GDP.MKTP.KD.ZG,2006,5.50095178520348
IDN,NY.GDP.MKTP.KD.ZG,2005,5.69257130383384
IDN,NY.GDP.MKTP.KD.ZG,2004,5.03087394501685
IDN,NY.GDP.MKTP.KD.ZG,2003,4.78036912167654
IDN,NY.GDP.MKTP.KD.ZG,2002,4.49947539085764
IDN,NY.GDP.MKTP.KD.ZG,2001,3.64346644721492
IDN,NY.GDP.MKTP.KD.ZG,2000,4.9200677470169
IDN,NY.GDP.MKTP.KD.ZG,1999,0.79112608199847
IDN,NY.GDP.MKTP.KD.ZG,1998,-13.1267254923818
IDN,NY.GDP.MKTP.KD.ZG,1997,4.69987885390397
IDN,NY.GDP.MKTP.KD.ZG,1996,7.81818707670867
IDN,NY.GDP.MKTP.KD.ZG,1995,8.22000739903493
IDN,NY.GDP.MKTP.KD.ZG,1994,7.53997109551439
IDN,NY.GDP.MKTP.KD.ZG,1993,6.49640812045304
IDN,NY.GDP.MKTP.KD.ZG,1992,6.49750651682714
IDN,NY.GDP.MKTP.KD.ZG,1991,6.91198283591309
IDN,NY.GDP.MKTP.KD.ZG,1990,7.24213163856464
IDN,NY.GDP.MKTP.KD.ZG,1989,7.45658692516847
IDN,NY.GDP.MKTP.KD.ZG,1988,5.7804984881177
IDN,NY.GDP.MKTP.KD.ZG,1987,4.92592736496611
IDN,NY.GDP.MKTP.KD.ZG,1986,5.87504510359864
IDN,NY.GDP.MKTP.KD.ZG,1985,2.46214356422551
IDN,NY.GDP.MKTP.KD.ZG,1984,6.97552780884124
IDN,NY.GDP.MKTP.KD.ZG,1983,4.1929673681999
IDN,NY.GDP.MKTP.KD.ZG,1982,2.24644534036375
IDN,NY.GDP.MKTP.KD.ZG,1981,7.92715682412874
IDN,NY.GDP.MKTP.KD.ZG,1980,9.88007752166418
IDN,NY.GDP.MKTP.KD.ZG,1979,7.32430948559606
IDN,NY.GDP.MKTP.KD.ZG,1978,6.76706985763171
IDN,NY.GDP.MKTP.KD.ZG,1977,8.76132560106353
IDN,NY.GDP.MKTP.KD.ZG,1976,6.88656497352524
IDN,NY.GDP.MKTP.KD.ZG,1975,4.97730086669512
IDN,NY.GDP.MKTP.KD.ZG,1974,7.6346729055067
IDN,NY.GDP.MKTP.KD.ZG,1973,8.1039755351653
IDN,NY.GDP.MKTP.KD.ZG,1972,7.03764320785962
IDN,NY.GDP.MKTP.KD.ZG,1971,7.02399719740848
IDN,NY.GDP.MKTP.KD.ZG,1970,7.55463451394223
IDN,NY.GDP.MKTP.KD.ZG,1969,6.82229824913614
IDN,NY.GDP.MKTP.KD.ZG,1968,10.9151785714295
IDN,NY.GDP.MKTP.KD.ZG,1967,1.38040280607036
IDN,NY.GDP.MKTP.KD.ZG,1966,2.79134682484525
IDN,NY.GDP.MKTP.KD.ZG,1965,1.08158946626055
IDN,NY.GDP.MKTP.KD.ZG,1964,3.52969814993797
IDN,NY.GDP.MKTP.KD.ZG,1963,-2.23702998571657
IDN,NY.GDP.MKTP.KD.ZG,1962,1.84197770236842
IDN,NY.GDP.MKTP.KD.ZG,1961,5.74064582266813
IDN,NY.GDP.PCAP.CD,2025,5059.62596411213
IDN,NY.GDP.PCAP.CD,2024,4925.43644992666
IDN,NY.GDP.PCAP.CD,2023,4876.2992959843
IDN,NY.GDP.PCAP.CD,2022,4730.83484836107
IDN,NY.GDP.PCAP.CD,2021,4287.17313995098
IDN,NY.GDP.PCAP.CD,2020,3853.70288774146
IDN,NY.GDP.PCAP.CD,2019,4106.94856160358
IDN,NY.GDP.PCAP.CD,2018,3860.95353090726
IDN,NY.GDP.PCAP.CD,2017,3798.88326174526
IDN,NY.GDP.PCAP.CD,2016,3521.46943457574
IDN,NY.GDP.PCAP.CD,2015,3288.22269725538
IDN,NY.GDP.PCAP.CD,2014,3441.06808464008
IDN,NY.GDP.PCAP.CD,2013,3566.60284506078
IDN,NY.GDP.PCAP.CD,2012,3632.27254030331
IDN,NY.GDP.PCAP.CD,2011,3579.46442466152
IDN,NY.GDP.PCAP.CD,2010,3065.68348377765
IDN,NY.GDP.PCAP.CD,2009,2218.48541852977
IDN,NY.GDP.PCAP.CD,2008,2124.55483920618
IDN,NY.GDP.PCAP.CD,2007,1823.21976255073
IDN,NY.GDP.PCAP.CD,2006,1558.31562847163
IDN,NY.GDP.PCAP.CD,2005,1238.21447629488
IDN,NY.GDP.PCAP.CD,2004,1126.84004447173
IDN,NY.GDP.PCAP.CD,2003,1043.2105838671
IDN,NY.GDP.PCAP.CD,2002,881.002913569131
IDN,NY.GDP.PCAP.CD,2001,732.307093405708
IDN,NY.GDP.PCAP.CD,2000,763.711124950924
IDN,NY.GDP.PCAP.CD,1999,657.268934667018
IDN,NY.GDP.PCAP.CD,1998,454.877800792123
IDN,NY.GDP.PCAP.CD,1997,1044.60674832472
IDN,NY.GDP.PCAP.CD,1996,1118.92133024129
IDN,NY.GDP.PCAP.CD,1995,1011.22614205568
IDN,NY.GDP.PCAP.CD,1994,899.793982949817
IDN,NY.GDP.PCAP.CD,1993,817.395116417856
IDN,NY.GDP.PCAP.CD,1992,673.67103954742
IDN,NY.GDP.PCAP.CD,1991,624.387495384411
IDN,NY.GDP.PCAP.CD,1990,578.420121135382
IDN,NY.GDP.PCAP.CD,1989,524.143027322576
IDN,NY.GDP.PCAP.CD,1988,476.662483405818
IDN,NY.GDP.PCAP.CD,1987,437.60655039936
IDN,NY.GDP.PCAP.CD,1986,469.834241253429
IDN,NY.GDP.PCAP.CD,1985,511.400883618027
IDN,NY.GDP.PCAP.CD,1984,519.774063103241
IDN,NY.GDP.PCAP.CD,1983,507.682945653414
IDN,NY.GDP.PCAP.CD,1982,577.745632722784
IDN,NY.GDP.PCAP.CD,1981,560.830336032961
IDN,NY.GDP.PCAP.CD,1980,486.620172021155
IDN,NY.GDP.PCAP.CD,1979,353.424175826329
IDN,NY.GDP.PCAP.CD,1978,362.483779779007
IDN,NY.GDP.PCAP.CD,1977,330.670214101079
IDN,NY.GDP.PCAP.CD,1976,275.713167824796
IDN,NY.GDP.PCAP.CD,1975,231.060120618497
IDN,NY.GDP.PCAP.CD,1974,200.710984454591
IDN,NY.GDP.PCAP.CD,1973,129.886231088685
IDN,NY.GDP.PCAP.CD,1972,90.1147549138956
IDN,NY.GDP.PCAP.CD,1971,78.5428393869752
IDN,NY.GDP.PCAP.CD,1970,79.118823484002
IDN,NY.GDP.PCAP.CD,1969,74.0988114128793
IDN,NY.GDP.PCAP.CD,1968,64.6547730642556
IDN,NY.GDP.PCAP.CD,1967,53.2051866988581
IDN,SP.POP.TOTL,2025,285721236.0
IDN,SP.POP.TOTL,2024,283487931.0
IDN,SP.POP.TOTL,2023,281190067.0
IDN,SP.POP.TOTL,2022,278830529.0
IDN,SP.POP.TOTL,2021,276758053.0
IDN,SP.POP.TOTL,2020,274814866.0
IDN,SP.POP.TOTL,2019,272489381.0
IDN,SP.POP.TOTL,2018,269951846.0
IDN,SP.POP.TOTL,2017,267346658.0
IDN,SP.POP.TOTL,2016,264627418.0
IDN,SP.POP.TOTL,2015,261799249.0
IDN,SP.POP.TOTL,2014,258877399.0
IDN,SP.POP.TOTL,2013,255852467.0
IDN,SP.POP.TOTL,2012,252698525.0
IDN,SP.POP.TOTL,2011,249470032.0
IDN,SP.POP.TOTL,2010,246305322.0
IDN,SP.POP.TOTL,2009,243220028.0
IDN,SP.POP.TOTL,2008,240157903.0
IDN,SP.POP.TOTL,2007,237062337.0
IDN,SP.POP.TOTL,2006,233951652.0
IDN,SP.POP.TOTL,2005,230871650.0
IDN,SP.POP.TOTL,2004,227926649.0
IDN,SP.POP.TOTL,2003,225048008.0
IDN,SP.POP.TOTL,2002,222088495.0
IDN,SP.POP.TOTL,2001,219097902.0
IDN,SP.POP.TOTL,2000,216077790.0
IDN,SP.POP.TOTL,1999,213004668.0
IDN,SP.POP.TOTL,1998,209826788.0
IDN,SP.POP.TOTL,1997,206536095.0
IDN,SP.POP.TOTL,1996,203204348.0
IDN,SP.POP.TOTL,1995,199888057.0
IDN,SP.POP.TOTL,1994,196591828.0
IDN,SP.POP.TOTL,1993,193305168.0
IDN,SP.POP.TOTL,1992,190043744.0
IDN,SP.POP.TOTL,1991,186778238.0
IDN,SP.POP.TOTL,1990,183501098.0
IDN,SP.POP.TOTL,1989,180201630.0
IDN,SP.POP.TOTL,1988,176855065.0
IDN,SP.POP.TOTL,1987,173511154.0
IDN,SP.POP.TOTL,1986,170175065.0
IDN,SP.POP.TOTL,1985,166776185.0
IDN,SP.POP.TOTL,1984,163251124.0
IDN,SP.POP.TOTL,1983,159651381.0
IDN,SP.POP.TOTL,1982,156052152.0
IDN,SP.POP.TOTL,1981,152485035.0
IDN,SP.POP.TOTL,1980,148950540.0
IDN,SP.POP.TOTL,1979,145434834.0
IDN,SP.POP.TOTL,1978,141953163.0
IDN,SP.POP.TOTL,1977,138533541.0
IDN,SP.POP.TOTL,1976,135173655.0
IDN,SP.POP.TOTL,1975,131843848.0
IDN,SP.POP.TOTL,1974,128555045.0
IDN,SP.POP.TOTL,1973,125288515.0
IDN,SP.POP.TOTL,1972,122039841.0
IDN,SP.POP.TOTL,1971,118833702.0
IDN,SP.POP.TOTL,1970,115657495.0
IDN,SP.POP.TOTL,1969,112517639.0
IDN,SP.POP.TOTL,1968,109450006.0
IDN,SP.POP.TOTL,1967,106526393.0
IDN,SP.POP.TOTL,1966,103792754.0
IDN,SP.POP.TOTL,1965,101365130.0
IDN,SP.POP.TOTL,1964,98833749.0
IDN,SP.POP.TOTL,1963,96051424.0
IDN,SP.POP.TOTL,1962,93375850.0
IDN,SP.POP.TOTL,1961,90791249.0
IDN,SP.POP.TOTL,1960,88296070.0
IDN,FP.CPI.TOTL.ZG,2025,1.9133344329508
IDN,FP.CPI.TOTL.ZG,2024,2.18151273615189
IDN,FP.CPI.TOTL.ZG,2023,3.66938654859761
IDN,FP.CPI.TOTL.ZG,2022,4.20946463714784
IDN,FP.CPI.TOTL.ZG,2021,1.56007882983334
IDN,FP.CPI.TOTL.ZG,2020,1.91983527270793
IDN,FP.CPI.TOTL.ZG,2019,3.03058460941661
IDN,FP.CPI.TOTL.ZG,2018,3.19834755924996
IDN,FP.CPI.TOTL.ZG,2017,3.80879857691949
IDN,FP.CPI.TOTL.ZG,2016,3.52580452815451
IDN,FP.CPI.TOTL.ZG,2015,6.36312061196646
IDN,FP.CPI.TOTL.ZG,2014,6.39492882396559
IDN,FP.CPI.TOTL.ZG,2013,6.41249457900391
IDN,FP.CPI.TOTL.ZG,2012,4.2795142691943
IDN,FP.CPI.TOTL.ZG,2011,5.35604849112582
IDN,FP.CPI.TOTL.ZG,2010,5.13420639015885
IDN,FP.CPI.TOTL.ZG,2009,4.38641311792074
IDN,FP.CPI.TOTL.ZG,2008,10.2266663272483
IDN,FP.CPI.TOTL.ZG,2007,6.40656087966005
IDN,FP.CPI.TOTL.ZG,2006,13.108670985346
IDN,FP.CPI.TOTL.ZG,2005,10.4532001873347
IDN,FP.CPI.TOTL.ZG,2004,6.06406189133648
IDN,FP.CPI.TOTL.ZG,2003,6.75731256333564
IDN,FP.CPI.TOTL.ZG,2002,11.9001200338414
IDN,FP.CPI.TOTL.ZG,2001,11.5001160550887
IDN,FP.CPI.TOTL.ZG,2000,3.68862037056682
IDN,FP.CPI.TOTL.ZG,1999,20.4778324428892
IDN,FP.CPI.TOTL.ZG,1998,58.4510413515526
IDN,FP.CPI.TOTL.ZG,1997,6.22615154887214
IDN,FP.CPI.TOTL.ZG,1996,7.97328096513346
IDN,FP.CPI.TOTL.ZG,1995,9.42030300572996
IDN,FP.CPI.TOTL.ZG,1994,8.53199829189143
IDN,FP.CPI.TOTL.ZG,1993,9.6719108926401
IDN,FP.CPI.TOTL.ZG,1992,7.52351006242677
IDN,FP.CPI.TOTL.ZG,1991,9.41906784347004
IDN,FP.CPI.TOTL.ZG,1990,7.81919756505635
IDN,FP.CPI.TOTL.ZG,1989,6.41554079916364
IDN,FP.CPI.TOTL.ZG,1988,8.04535671530907
IDN,FP.CPI.TOTL.ZG,1987,9.27865406602839
IDN,FP.CPI.TOTL.ZG,1986,5.82266576732484
IDN,FP.CPI.TOTL.ZG,1985,4.72453518543398
IDN,FP.CPI.TOTL.ZG,1984,10.4550392231412
IDN,FP.CPI.TOTL.ZG,1983,11.7997382076652
IDN,FP.CPI.TOTL.ZG,1982,9.44542534921144
IDN,FP.CPI.TOTL.ZG,1981,12.2659075874853
IDN,FP.CPI.TOTL.ZG,1980,18.035422125313
IDN,FP.CPI.TOTL.ZG,1979,16.2327695334308
IDN,FP.CPI.TOTL.ZG,1978,8.11259425677378
IDN,FP.CPI.TOTL.ZG,1977,11.0520846464477
IDN,FP.CPI.TOTL.ZG,1976,19.8286499927534
IDN,FP.CPI.TOTL.ZG,1975,19.1656916610533
IDN,FP.CPI.TOTL.ZG,1974,40.491811600695
IDN,FP.CPI.TOTL.ZG,1973,31.0418824339182
IDN,FP.CPI.TOTL.ZG,1972,6.52174091852604
IDN,FP.CPI.TOTL.ZG,1971,4.23374587741607
IDN,FP.CPI.TOTL.ZG,1970,12.399468513041
IDN,FP.CPI.TOTL.ZG,1969,15.4798773314404
IDN,FP.CPI.TOTL.ZG,1968,128.843042071197
IDN,FP.CPI.TOTL.ZG,1967,106.0
IDN,FP.CPI.TOTL.ZG,1966,1136.2541122077
IDN,FP.CPI.TOTL.ZG,1965,306.763110307415
IDN,FP.CPI.TOTL.ZG,1964,108.994708994709
IDN,FP.CPI.TOTL.ZG,1963,145.910780669145
IDN,FP.CPI.TOTL.ZG,1962,131.397849462365
IDN,FP.CPI.TOTL.ZG,1961,13.6919315403424
IDN,FP.CPI.TOTL.ZG,1960,39.5904436860067
IDN,SL.UEM.TOTL.ZS,2025,3.237
IDN,SL.UEM.TOTL.ZS,2024,3.301
IDN,SL.UEM.TOTL.ZS,2023,3.308
IDN,SL.UEM.TOTL.ZS,2022,3.462
IDN,SL.UEM.TOTL.ZS,2021,3.827
IDN,SL.UEM.TOTL.ZS,2020,4.255
IDN,SL.UEM.TOTL.ZS,2019,3.59
IDN,SL.UEM.TOTL.ZS,2018,4.387
IDN,SL.UEM.TOTL.ZS,2017,3.783
IDN,SL.UEM.TOTL.ZS,2016,4.301
IDN,SL.UEM.TOTL.ZS,2015,4.514
IDN,SL.UEM.TOTL.ZS,2014,4.049
IDN,SL.UEM.TOTL.ZS,2013,4.336
IDN,SL.UEM.TOTL.ZS,2012,4.468
IDN,SL.UEM.TOTL.ZS,2011,5.153
IDN,SL.UEM.TOTL.ZS,2010,5.614
IDN,SL.UEM.TOTL.ZS,2009,6.106
IDN,SL.UEM.TOTL.ZS,2008,7.208
IDN,SL.UEM.TOTL.ZS,2007,8.06
IDN,SL.UEM.TOTL.ZS,2006,7.551
IDN,SL.UEM.TOTL.ZS,2005,7.945
IDN,SL.UEM.TOTL.ZS,2004,7.303
IDN,SL.UEM.TOTL.ZS,2003,6.657
IDN,SL.UEM.TOTL.ZS,2002,6.604
IDN,SL.UEM.TOTL.ZS,2001,6.082
IDN,SL.UEM.TOTL.ZS,2000,6.077
IDN,SL.UEM.TOTL.ZS,1999,6.358
IDN,SL.UEM.TOTL.ZS,1998,5.459
IDN,SL.UEM.TOTL.ZS,1997,4.684
IDN,SL.UEM.TOTL.ZS,1996,4.861
IDN,SL.UEM.TOTL.ZS,1995,4.611
IDN,SL.UEM.TOTL.ZS,1994,4.366
IDN,SL.UEM.TOTL.ZS,1993,2.782
IDN,SL.UEM.TOTL.ZS,1992,2.734
IDN,SL.UEM.TOTL.ZS,1991,2.617
IDN,GC.DOD.TOTL.GD.ZS,2009,29.997306381567
IDN,GC.DOD.TOTL.GD.ZS,2008,34.2250282105616
IDN,GC.DOD.TOTL.GD.ZS,2003,29.7173962466428
IDN,GC.DOD.TOTL.GD.ZS,2002,32.2241265309989
IDN,GC.DOD.TOTL.GD.ZS,1999,45.2079671076106
IDN,GC.DOD.TOTL.GD.ZS,1998,55.2040876648634
IDN,GC.DOD.TOTL.GD.ZS,1997,72.4853185253111
IDN,GC.DOD.TOTL.GD.ZS,1996,23.92314220907
IDN,GC.DOD.TOTL.GD.ZS,1995,30.8043248823304
IDN,GC.DOD.TOTL.GD.ZS,1994,36.5705901605804
IDN,GC.DOD.TOTL.GD.ZS,1993,37.4975968521644
IDN,GC.DOD.TOTL.GD.ZS,1992,42.7093574260874
IDN,GC.DOD.TOTL.GD.ZS,1991,40.2756295663842
IDN,GC.DOD.TOTL.GD.ZS,1990,45.7414523316285
IDN,IT.NET.USER.ZS,2024,72.78075544
IDN,IT.NET.USER.ZS,2023,69.20836554
IDN,IT.NET.USER.ZS,2022,66.48461277
IDN,IT.NET.USER.ZS,2021,62.10447842
IDN,IT.NET.USER.ZS,2020,53.72649449
IDN,IT.NET.USER.ZS,2019,47.6906489788375
IDN,IT.NET.USER.ZS,2018,39.9046386385762
IDN,IT.NET.USER.ZS,2017,32.335806250688
IDN,IT.NET.USER.ZS,2016,25.447353701827
IDN,IT.NET.USER.ZS,2015,22.062742603379
IDN,IT.NET.USER.ZS,2014,17.1431598350566
IDN,IT.NET.USER.ZS,2013,14.94
IDN,IT.NET.USER.ZS,2012,14.52
IDN,IT.NET.USER.ZS,2011,12.28
IDN,IT.NET.USER.ZS,2010,10.92
IDN,IT.NET.USER.ZS,2009,6.92
IDN,IT.NET.USER.ZS,2008,7.917500019
IDN,IT.NET.USER.ZS,2007,5.78627472934199
IDN,IT.NET.USER.ZS,2006,4.76481313366657
IDN,IT.NET.USER.ZS,2005,3.60202476259646
IDN,IT.NET.USER.ZS,2004,2.60028587633414
IDN,IT.NET.USER.ZS,2003,2.38701977959476
IDN,IT.NET.USER.ZS,2002,2.13413573295808
IDN,IT.NET.USER.ZS,2001,2.01861385948459
IDN,IT.NET.USER.ZS,2000,0.925563864466858
IDN,IT.NET.USER.ZS,1999,0.444
IDN,IT.NET.USER.ZS,1998,0.255
IDN,IT.NET.USER.ZS,1997,0.195
IDN,IT.NET.USER.ZS,1996,0.0566
IDN,IT.NET.USER.ZS,1995,0.0261
IDN,IT.NET.USER.ZS,1994,0.00106
IDN,IT.NET.USER.ZS,1990,0.0
IDN,EG.ELC.ACCS.ZS,2024,99.9
IDN,EG.ELC.ACCS.ZS,2023,99.4
IDN,EG.ELC.ACCS.ZS,2022,100.0
IDN,EG.ELC.ACCS.ZS,2021,99.2
IDN,EG.ELC.ACCS.ZS,2020,97.0
IDN,EG.ELC.ACCS.ZS,2019,98.8
IDN,EG.ELC.ACCS.ZS,2018,98.5
IDN,EG.ELC.ACCS.ZS,2017,98.1
IDN,EG.ELC.ACCS.ZS,2016,97.6
IDN,EG.ELC.ACCS.ZS,2015,97.5
IDN,EG.ELC.ACCS.ZS,2014,97.0
IDN,EG.ELC.ACCS.ZS,2013,96.5
IDN,EG.ELC.ACCS.ZS,2012,96.0
IDN,EG.ELC.ACCS.ZS,2011,94.8
IDN,EG.ELC.ACCS.ZS,2010,94.2
IDN,EG.ELC.ACCS.ZS,2009,93.6
IDN,EG.ELC.ACCS.ZS,2008,92.7
IDN,EG.ELC.ACCS.ZS,2007,91.1
IDN,EG.ELC.ACCS.ZS,2006,90.6
IDN,EG.ELC.ACCS.ZS,2005,84.8
IDN,EG.ELC.ACCS.ZS,2004,89.0
IDN,EG.ELC.ACCS.ZS,2003,87.9
IDN,EG.ELC.ACCS.ZS,2002,87.6
IDN,EG.ELC.ACCS.ZS,2001,86.3
IDN,EG.ELC.ACCS.ZS,2000,86.3
IDN,EG.ELC.ACCS.ZS,1999,83.73
IDN,EG.ELC.ACCS.ZS,1998,80.94
IDN,EG.ELC.ACCS.ZS,1997,80.3
IDN,EG.ELC.ACCS.ZS,1996,72.39
IDN,EG.ELC.ACCS.ZS,1995,66.86
IDN,EG.ELC.ACCS.ZS,1994,62.8
IDN,EG.ELC.ACCS.ZS,1993,55.43
IDN,EG.ELC.ACCS.ZS,1992,66.6965637207031
IDN,EG.ELC.ACCS.ZS,1991,48.9
IDN,IT.NET.BBND.P2,2024,4.92196685438436
IDN,IT.NET.BBND.P2,2023,4.81663955789733
IDN,IT.NET.BBND.P2,2022,4.82151507878823
IDN,IT.NET.BBND.P2,2021,4.4874632789818
IDN,IT.NET.BBND.P2,2020,3.92993769121646
IDN,IT.NET.BBND.P2,2019,3.77422560918071
IDN,IT.NET.BBND.P2,2018,3.28729591276809
IDN,IT.NET.BBND.P2,2017,2.32504234259027
IDN,IT.NET.BBND.P2,2016,1.9753784545485
IDN,IT.NET.BBND.P2,2015,1.52139473860752
IDN,IT.NET.BBND.P2,2014,1.31336301010966
IDN,IT.NET.BBND.P2,2013,1.27096683417948
IDN,IT.NET.BBND.P2,2012,1.18045801810675
IDN,IT.NET.BBND.P2,2011,1.09687683849738
IDN,IT.NET.BBND.P2,2010,0.925808659546544
IDN,IT.NET.BBND.P2,2009,0.766310659252124
IDN,IT.NET.BBND.P2,2008,0.408715260975609
IDN,IT.NET.BBND.P2,2007,0.328508530648629
IDN,IT.NET.BBND.P2,2006,0.0830799861161057
IDN,IT.NET.BBND.P2,2005,0.0468658668138769
IDN,IT.NET.BBND.P2,2004,0.0372488256079262
IDN,IT.NET.BBND.P2,2003,0.0273719374578957
IDN,IT.NET.BBND.P2,2002,0.0172453777941086
IDN,IT.NET.BBND.P2,2001,0.00684625451137364
IDN,IT.NET.BBND.P2,2000,0.00185118516808229
IDN,FS.AST.PRVT.GD.ZS,2025,36.2832983305564
IDN,FS.AST.PRVT.GD.ZS,2024,36.3924067095141
IDN,FS.AST.PRVT.GD.ZS,2023,36.0129512588691
IDN,FS.AST.PRVT.GD.ZS,2022,35.2884329632689
IDN,FS.AST.PRVT.GD.ZS,2021,36.9908270556254
IDN,FS.AST.PRVT.GD.ZS,2020,38.6795390891453
IDN,FS.AST.PRVT.GD.ZS,2019,38.3726939516609
IDN,FS.AST.PRVT.GD.ZS,2018,38.8054496665639
IDN,FS.AST.PRVT.GD.ZS,2017,38.7323495613041
IDN,FS.AST.PRVT.GD.ZS,2016,39.4024246939414
IDN,FS.AST.PRVT.GD.ZS,2015,39.1187982955119
IDN,FS.AST.PRVT.GD.ZS,2014,36.4235451552096
IDN,FS.AST.PRVT.GD.ZS,2013,36.0581396070456
IDN,FS.AST.PRVT.GD.ZS,2012,33.4341714348422
IDN,FS.AST.PRVT.GD.ZS,2011,30.0821993577662
IDN,FS.AST.PRVT.GD.ZS,2010,27.2530411349395
IDN,FS.AST.PRVT.GD.ZS,2009,27.6587104878441
IDN,IC.BUS.NDNS.ZS,2024,0.943582664263138
IDN,IC.BUS.NDNS.ZS,2023,0.971287037072959
IDN,IC.BUS.NDNS.ZS,2022,0.804502369549343
IDN,IC.BUS.NDNS.ZS,2021,0.49835195957521
IDN,IC.BUS.NDNS.ZS,2020,0.380025643207203
IDN,IC.BUS.NDNS.ZS,2019,0.378921498678263
IDN,IC.BUS.NDNS.ZS,2018,0.339337849898855
IDN,IC.BUS.NDNS.ZS,2017,0.324721564770416
IDN,IC.BUS.NDNS.ZS,2016,0.329346159060488
IDN,IC.BUS.NDNS.ZS,2015,0.326298700233622
IDN,IC.BUS.NDNS.ZS,2014,0.335092421102066
IDN,IC.BUS.NDNS.ZS,2013,0.299973510188549
IDN,IC.BUS.NDNS.ZS,2012,0.283978720480266
IDN,IC.BUS.NDNS.ZS,2011,0.265265774978931
IDN,IC.BUS.NDNS.ZS,2010,0.233739227748039
IDN,IC.BUS.NDNS.ZS,2009,0.184342364963614
IDN,IC.BUS.NDNS.ZS,2008,0.248434763022248
IDN,IC.BUS.NDNS.ZS,2007,0.160215551073536
IDN,IC.BUS.NDNS.ZS,2006,0.153402539500307
IDN,NE.TRD.GNFS.ZS,2025,43.3912070511204
IDN,NE.TRD.GNFS.ZS,2024,42.809937870822
IDN,NE.TRD.GNFS.ZS,2023,41.4604765447233
IDN,NE.TRD.GNFS.ZS,2022,45.4646701959453
IDN,NE.TRD.GNFS.ZS,2021,40.2047582749671
IDN,NE.TRD.GNFS.ZS,2020,32.9721754002427
IDN,NE.TRD.GNFS.ZS,2019,37.6277775357108
IDN,NE.TRD.GNFS.ZS,2018,43.0743089552002
IDN,NE.TRD.GNFS.ZS,2017,39.3554970704606
IDN,NE.TRD.GNFS.ZS,2016,37.4213418023318
IDN,NE.TRD.GNFS.ZS,2015,41.9376402415294
IDN,NE.TRD.GNFS.ZS,2014,48.0801755855227
IDN,NE.TRD.GNFS.ZS,2013,48.6373726752893
IDN,NE.TRD.GNFS.ZS,2012,49.5828982992627
IDN,NE.TRD.GNFS.ZS,2011,50.1800131841104
IDN,NE.TRD.GNFS.ZS,2010,46.7012738758737
IDN,NE.TRD.GNFS.ZS,2009,45.5121213687054
IDN,NE.TRD.GNFS.ZS,2008,58.5613996312961
IDN,NE.TRD.GNFS.ZS,2007,54.8292499782075
IDN,NE.TRD.GNFS.ZS,2006,56.6571268148867
IDN,NE.TRD.GNFS.ZS,2005,63.9879358688635
IDN,NE.TRD.GNFS.ZS,2004,59.761294836691
IDN,NE.TRD.GNFS.ZS,2003,53.6164937473016
IDN,NE.TRD.GNFS.ZS,2002,59.0794617663723
IDN,NE.TRD.GNFS.ZS,2001,69.7932075256238
IDN,NE.TRD.GNFS.ZS,2000,71.4368759173731
IDN,NE.TRD.GNFS.ZS,1999,62.9439128601924
IDN,NE.TRD.GNFS.ZS,1998,96.1861923602686
IDN,NE.TRD.GNFS.ZS,1997,55.9938588086777
IDN,NE.TRD.GNFS.ZS,1996,52.264743657148
IDN,NE.TRD.GNFS.ZS,1995,53.9585900635426
IDN,NE.TRD.GNFS.ZS,1994,51.877101049475
IDN,NE.TRD.GNFS.ZS,1993,50.5233858882307
IDN,NE.TRD.GNFS.ZS,1992,57.4274341101528
IDN,NE.TRD.GNFS.ZS,1991,54.8395648805761
IDN,NE.TRD.GNFS.ZS,1990,52.8918614376893
IDN,NE.TRD.GNFS.ZS,1989,49.0818836891175
IDN,NE.TRD.GNFS.ZS,1988,47.2545614222743
IDN,NE.TRD.GNFS.ZS,1987,46.9742478782921
IDN,NE.TRD.GNFS.ZS,1986,41.0095381677863
IDN,NE.TRD.GNFS.ZS,1985,44.7183723110447
IDN,NE.TRD.GNFS.ZS,1984,50.1106199773017
IDN,NE.TRD.GNFS.ZS,1983,56.5592366644233
IDN,NE.TRD.GNFS.ZS,1982,48.6762274326459
IDN,NE.TRD.GNFS.ZS,1981,53.1773002387695
IDN,NE.TRD.GNFS.ZS,1980,52.6540464774445
IDN,NE.TRD.GNFS.ZS,1979,53.6555359183648
IDN,NE.TRD.GNFS.ZS,1978,42.7147630352589
IDN,NE.TRD.GNFS.ZS,1977,43.5701999400338
IDN,NE.TRD.GNFS.ZS,1976,43.0065883478699
IDN,NE.TRD.GNFS.ZS,1975,44.5212576626458
IDN,NE.TRD.GNFS.ZS,1974,50.4183787822189
IDN,NE.TRD.GNFS.ZS,1973,39.5341605709717
IDN,NE.TRD.GNFS.ZS,1972,35.4119193689746
IDN,NE.TRD.GNFS.ZS,1971,31.062091503268
IDN,NE.TRD.GNFS.ZS,1970,28.6826347305389
IDN,NE.TRD.GNFS.ZS,1969,23.841059602649
IDN,NE.TRD.GNFS.ZS,1968,26.4463204082606
IDN,NE.TRD.GNFS.ZS,1967,25.6428402925218
IDN,NE.TRD.GNFS.ZS,1966,34.8528015194682
IDN,NE.TRD.GNFS.ZS,1965,11.0122311261071
IDN,NE.TRD.GNFS.ZS,1964,25.3171654867877
IDN,NE.TRD.GNFS.ZS,1963,18.4181002243829
IDN,NE.TRD.GNFS.ZS,1962,10.5610066661673
IDN,NE.TRD.GNFS.ZS,1961,24.6756009359711
IDN,NE.TRD.GNFS.ZS,1960,24.0902101486417
IDN,BX.KLT.DINV.WD.GD.ZS,2025,1.54140671670434
IDN,BX.KLT.DINV.WD.GD.ZS,2024,1.73855290316368
IDN,BX.KLT.DINV.WD.GD.ZS,2023,1.57116966408747
IDN,BX.KLT.DINV.WD.GD.ZS,2022,1.87264100861425
IDN,BX.KLT.DINV.WD.GD.ZS,2021,1.7878556314554
IDN,BX.KLT.DINV.WD.GD.ZS,2020,1.81058402027127
IDN,BX.KLT.DINV.WD.GD.ZS,2019,2.23336204282241
IDN,BX.KLT.DINV.WD.GD.ZS,2018,1.81428979349441
IDN,BX.KLT.DINV.WD.GD.ZS,2017,2.01948919812582
IDN,BX.KLT.DINV.WD.GD.ZS,2016,0.487372471368879
IDN,BX.KLT.DINV.WD.GD.ZS,2015,2.29761639380441
IDN,BX.KLT.DINV.WD.GD.ZS,2014,2.81997260412102
IDN,BX.KLT.DINV.WD.GD.ZS,2013,2.55135633401058
IDN,BX.KLT.DINV.WD.GD.ZS,2012,2.30978031853073
IDN,BX.KLT.DINV.WD.GD.ZS,2011,2.30298429381592
IDN,BX.KLT.DINV.WD.GD.ZS,2010,2.02517914569356
IDN,BX.KLT.DINV.WD.GD.ZS,2009,0.90391941965406
IDN,BX.KLT.DINV.WD.GD.ZS,2008,1.82632902403998
IDN,BX.KLT.DINV.WD.GD.ZS,2007,1.6030105718879
IDN,BX.KLT.DINV.WD.GD.ZS,2006,1.34794264068931
IDN,BX.KLT.DINV.WD.GD.ZS,2005,2.91611483313067
IDN,BX.KLT.DINV.WD.GD.ZS,2004,0.738243979887563
IDN,BX.KLT.DINV.WD.GD.ZS,2003,-0.254256320381005
IDN,BX.KLT.DINV.WD.GD.ZS,2002,0.0741516383181159
IDN,BX.KLT.DINV.WD.GD.ZS,2001,-1.85568619300523
IDN,BX.KLT.DINV.WD.GD.ZS,2000,-2.75743993350903
IDN,BX.KLT.DINV.WD.GD.ZS,1999,-1.33257354110795
IDN,BX.KLT.DINV.WD.GD.ZS,1998,-0.252290447660406
IDN,BX.KLT.DINV.WD.GD.ZS,1997,2.16779685196237
IDN,BX.KLT.DINV.WD.GD.ZS,1996,2.72419788646708
IDN,BX.KLT.DINV.WD.GD.ZS,1995,2.15007984011937
IDN,BX.KLT.DINV.WD.GD.ZS,1994,1.1922519299764
IDN,BX.KLT.DINV.WD.GD.ZS,1993,1.26830064559013
IDN,BX.KLT.DINV.WD.GD.ZS,1992,1.38798883350104
IDN,BX.KLT.DINV.WD.GD.ZS,1991,1.2707722797342
IDN,BX.KLT.DINV.WD.GD.ZS,1990,1.02976494269192
IDN,BX.KLT.DINV.WD.GD.ZS,1989,0.722064256022232
IDN,BX.KLT.DINV.WD.GD.ZS,1988,0.683272607101238
IDN,BX.KLT.DINV.WD.GD.ZS,1987,0.507048517276106
IDN,BX.KLT.DINV.WD.GD.ZS,1986,0.322685251406443
IDN,BX.KLT.DINV.WD.GD.ZS,1985,0.36346800280403
IDN,BX.KLT.DINV.WD.GD.ZS,1984,0.261626776354664
IDN,BX.KLT.DINV.WD.GD.ZS,1983,0.360261287911682
IDN,BX.KLT.DINV.WD.GD.ZS,1982,0.249560636589718
IDN,BX.KLT.DINV.WD.GD.ZS,1981,0.155522389416403
IDN,BX.KLT.DINV.WD.GD.ZS,1980,0.248336362296103
IDN,BX.KLT.DINV.WD.GD.ZS,1979,0.439687121934464
IDN,BX.KLT.DINV.WD.GD.ZS,1978,0.811785370804867
IDN,BX.KLT.DINV.WD.GD.ZS,1977,0.513000573361318
IDN,BX.KLT.DINV.WD.GD.ZS,1976,2.00592143120381
IDN,BX.KLT.DINV.WD.GD.ZS,1975,4.24128851064663
IDN,BX.KLT.DINV.WD.GD.ZS,1974,0.705825550989914
IDN,BX.KLT.DINV.WD.GD.ZS,1973,3.57027571297421
IDN,BX.KLT.DINV.WD.GD.ZS,1972,2.30523225241017
IDN,BX.KLT.DINV.WD.GD.ZS,1971,3.20425172245555
IDN,BX.KLT.DINV.WD.GD.ZS,1970,1.58873353293413
MYS,NY.GDP.MKTP.KD.ZG,2025,5.17127082911057
MYS,NY.GDP.MKTP.KD.ZG,2024,5.10545921024041
MYS,NY.GDP.MKTP.KD.ZG,2023,3.5370638041057
MYS,NY.GDP.MKTP.KD.ZG,2022,9.03173723044451
MYS,NY.GDP.MKTP.KD.ZG,2021,3.31534954399166
MYS,NY.GDP.MKTP.KD.ZG,2020,-5.45684658426701
MYS,NY.GDP.MKTP.KD.ZG,2019,4.41318742129586
MYS,NY.GDP.MKTP.KD.ZG,2018,4.84308697634881
MYS,NY.GDP.MKTP.KD.ZG,2017,5.81272240983328
MYS,NY.GDP.MKTP.KD.ZG,2016,4.44978139761541
MYS,NY.GDP.MKTP.KD.ZG,2015,5.09153242155011
MYS,NY.GDP.MKTP.KD.ZG,2014,6.00672194558203
MYS,NY.GDP.MKTP.KD.ZG,2013,4.69372252557893
MYS,NY.GDP.MKTP.KD.ZG,2012,5.47345419253853
MYS,NY.GDP.MKTP.KD.ZG,2011,5.29391283414003
MYS,NY.GDP.MKTP.KD.ZG,2010,7.42484738326097
MYS,NY.GDP.MKTP.KD.ZG,2009,-1.51352871598714
MYS,NY.GDP.MKTP.KD.ZG,2008,4.83176988913097
MYS,NY.GDP.MKTP.KD.ZG,2007,6.29878592740947
MYS,NY.GDP.MKTP.KD.ZG,2006,5.5848470671515
MYS,NY.GDP.MKTP.KD.ZG,2005,5.33213916141486
MYS,NY.GDP.MKTP.KD.ZG,2004,6.78343772370305
MYS,NY.GDP.MKTP.KD.ZG,2003,5.7884992858875
MYS,NY.GDP.MKTP.KD.ZG,2002,5.39098830692797
MYS,NY.GDP.MKTP.KD.ZG,2001,0.517675319192861
MYS,NY.GDP.MKTP.KD.ZG,2000,8.85886816969386
MYS,NY.GDP.MKTP.KD.ZG,1999,6.13761201057692
MYS,NY.GDP.MKTP.KD.ZG,1998,-7.35941518817556
MYS,NY.GDP.MKTP.KD.ZG,1997,7.32274185035924
MYS,NY.GDP.MKTP.KD.ZG,1996,10.0027006861844
MYS,NY.GDP.MKTP.KD.ZG,1995,9.82908519730812
MYS,NY.GDP.MKTP.KD.ZG,1994,9.21204179334867
MYS,NY.GDP.MKTP.KD.ZG,1993,9.89494333377064
MYS,NY.GDP.MKTP.KD.ZG,1992,8.88511797832156
MYS,NY.GDP.MKTP.KD.ZG,1991,9.54546741443052
MYS,NY.GDP.MKTP.KD.ZG,1990,9.00852713774628
MYS,NY.GDP.MKTP.KD.ZG,1989,9.0596008665043
MYS,NY.GDP.MKTP.KD.ZG,1988,9.93771967651989
MYS,NY.GDP.MKTP.KD.ZG,1987,5.19193211272702
MYS,NY.GDP.MKTP.KD.ZG,1986,1.24059492750688
MYS,NY.GDP.MKTP.KD.ZG,1985,-1.02525025342071
MYS,NY.GDP.MKTP.KD.ZG,1984,7.76179012218883
MYS,NY.GDP.MKTP.KD.ZG,1983,6.25223081092673
MYS,NY.GDP.MKTP.KD.ZG,1982,5.94315245801018
MYS,NY.GDP.MKTP.KD.ZG,1981,6.94210420118173
MYS,NY.GDP.MKTP.KD.ZG,1980,7.44182677934407
MYS,NY.GDP.MKTP.KD.ZG,1979,9.34909993075928
MYS,NY.GDP.MKTP.KD.ZG,1978,6.65389221500463
MYS,NY.GDP.MKTP.KD.ZG,1977,7.75305838033998
MYS,NY.GDP.MKTP.KD.ZG,1976,11.5634897772546
MYS,NY.GDP.MKTP.KD.ZG,1975,0.801068092192338
MYS,NY.GDP.MKTP.KD.ZG,1974,8.31866197361978
MYS,NY.GDP.MKTP.KD.ZG,1973,11.7010816119945
MYS,NY.GDP.MKTP.KD.ZG,1972,9.38844499098961
MYS,NY.GDP.MKTP.KD.ZG,1971,10.0346605803438
MYS,NY.GDP.MKTP.KD.ZG,1970,5.98653863031986
MYS,NY.GDP.MKTP.KD.ZG,1969,4.88853365256124
MYS,NY.GDP.MKTP.KD.ZG,1968,7.97799464201174
MYS,NY.GDP.MKTP.KD.ZG,1967,3.85714649161983
MYS,NY.GDP.MKTP.KD.ZG,1966,7.81671102618819
MYS,NY.GDP.MKTP.KD.ZG,1965,7.68486347467319
MYS,NY.GDP.MKTP.KD.ZG,1964,5.35896290971056
MYS,NY.GDP.MKTP.KD.ZG,1963,7.33880352682334
MYS,NY.GDP.MKTP.KD.ZG,1962,6.42102960904312
MYS,NY.GDP.MKTP.KD.ZG,1961,7.59799400028281
MYS,NY.GDP.PCAP.CD,2025,13124.5554178269
MYS,NY.GDP.PCAP.CD,2024,11874.4273684245
MYS,NY.GDP.PCAP.CD,2023,11386.0395636528
MYS,NY.GDP.PCAP.CD,2022,11754.5678336248
MYS,NY.GDP.PCAP.CD,2021,10903.1037480772
MYS,NY.GDP.PCAP.CD,2020,9957.52626697613
MYS,NY.GDP.PCAP.CD,2019,10920.191763972
MYS,NY.GDP.PCAP.CD,2018,10901.8019954421
MYS,NY.GDP.PCAP.CD,2017,9862.54806612235
MYS,NY.GDP.PCAP.CD,2016,9476.53409809923
MYS,NY.GDP.PCAP.CD,2015,9648.6797937523
MYS,NY.GDP.PCAP.CD,2014,11013.3107334403
MYS,NY.GDP.PCAP.CD,2013,10713.6407638899
MYS,NY.GDP.PCAP.CD,2012,10600.5744240026
MYS,NY.GDP.PCAP.CD,2011,10217.1068585031
MYS,NY.GDP.PCAP.CD,2010,8899.34505544675
MYS,NY.GDP.PCAP.CD,2009,7191.43287234626
MYS,NY.GDP.PCAP.CD,2008,8371.82156086005
MYS,NY.GDP.PCAP.CD,2007,7168.93031942508
MYS,NY.GDP.PCAP.CD,2006,6158.40785533236
MYS,NY.GDP.PCAP.CD,2005,5555.58179951206
MYS,NY.GDP.PCAP.CD,2004,4939.24851854427
MYS,NY.GDP.PCAP.CD,2003,4465.32194567208
MYS,NY.GDP.PCAP.CD,2002,4184.03163773539
MYS,NY.GDP.PCAP.CD,2001,3943.79943910239
MYS,NY.GDP.PCAP.CD,2000,4083.52874483605
MYS,NY.GDP.PCAP.CD,1999,3527.81581379249
MYS,NY.GDP.PCAP.CD,1998,3294.30978444095
MYS,NY.GDP.PCAP.CD,1997,4678.56390058182
MYS,NY.GDP.PCAP.CD,1996,4837.16897250768
MYS,NY.GDP.PCAP.CD,1995,4363.14458333034
MYS,NY.GDP.PCAP.CD,1994,3757.65292858601
MYS,NY.GDP.PCAP.CD,1993,3461.99504214189
MYS,NY.GDP.PCAP.CD,1992,3141.43321987651
MYS,NY.GDP.PCAP.CD,1991,2679.20101106745
MYS,NY.GDP.PCAP.CD,1990,2468.69080320116
MYS,NY.GDP.PCAP.CD,1989,2243.60219599914
MYS,NY.GDP.PCAP.CD,1988,2099.95467656701
MYS,NY.GDP.PCAP.CD,1987,1977.1290866202
MYS,NY.GDP.PCAP.CD,1986,1759.73185736702
MYS,NY.GDP.PCAP.CD,1985,2045.57471772113
MYS,NY.GDP.PCAP.CD,1984,2299.80870816235
MYS,NY.GDP.PCAP.CD,1983,2124.29229106221
MYS,NY.GDP.PCAP.CD,1982,1937.74922725899
MYS,NY.GDP.PCAP.CD,1981,1866.10246831744
MYS,NY.GDP.PCAP.CD,1980,1886.12339323875
MYS,NY.GDP.PCAP.CD,1979,1679.87779419937
MYS,NY.GDP.PCAP.CD,1978,1326.88769798353
MYS,NY.GDP.PCAP.CD,1977,1091.70837095855
MYS,NY.GDP.PCAP.CD,1976,940.437734141673
MYS,NY.GDP.PCAP.CD,1975,810.570999701272
MYS,NY.GDP.PCAP.CD,1974,847.806802570239
MYS,NY.GDP.PCAP.CD,1973,700.728626010603
MYS,NY.GDP.PCAP.CD,1972,472.363509449959
MYS,NY.GDP.PCAP.CD,1971,407.19672797331
MYS,NY.GDP.PCAP.CD,1970,379.626764270849
MYS,NY.GDP.PCAP.CD,1969,368.385655484736
MYS,NY.GDP.PCAP.CD,1968,342.444763417284
MYS,NY.GDP.PCAP.CD,1967,335.425630582949
MYS,NY.GDP.PCAP.CD,1966,338.570121454412
MYS,NY.GDP.PCAP.CD,1965,326.436007443045
MYS,NY.GDP.PCAP.CD,1964,302.933952345239
MYS,NY.GDP.PCAP.CD,1963,291.800006993807
MYS,NY.GDP.PCAP.CD,1962,238.836339180717
MYS,NY.GDP.PCAP.CD,1961,232.943768818315
MYS,NY.GDP.PCAP.CD,1960,240.847414554537
MYS,SP.POP.TOTL,2025,35977838.0
MYS,SP.POP.TOTL,2024,35557673.0
MYS,SP.POP.TOTL,2023,35126298.0
MYS,SP.POP.TOTL,2022,34695493.0
MYS,SP.POP.TOTL,2021,34282399.0
MYS,SP.POP.TOTL,2020,33889558.0
MYS,SP.POP.TOTL,2019,33440596.0
MYS,SP.POP.TOTL,2018,32910967.0
MYS,SP.POP.TOTL,2017,32355644.0
MYS,SP.POP.TOTL,2016,31789685.0
MYS,SP.POP.TOTL,2015,31232798.0
MYS,SP.POP.TOTL,2014,30696137.0
MYS,SP.POP.TOTL,2013,30174265.0
MYS,SP.POP.TOTL,2012,29662831.0
MYS,SP.POP.TOTL,2011,29162039.0
MYS,SP.POP.TOTL,2010,28655776.0
MYS,SP.POP.TOTL,2009,28124778.0
MYS,SP.POP.TOTL,2008,27570059.0
MYS,SP.POP.TOTL,2007,26998389.0
MYS,SP.POP.TOTL,2006,26417909.0
MYS,SP.POP.TOTL,2005,25836071.0
MYS,SP.POP.TOTL,2004,25256772.0
MYS,SP.POP.TOTL,2003,24679602.0
MYS,SP.POP.TOTL,2002,24102477.0
MYS,SP.POP.TOTL,2001,23526538.0
MYS,SP.POP.TOTL,2000,22967816.0
MYS,SP.POP.TOTL,1999,22435531.0
MYS,SP.POP.TOTL,1998,21906713.0
MYS,SP.POP.TOTL,1997,21375218.0
MYS,SP.POP.TOTL,1996,20850087.0
MYS,SP.POP.TOTL,1995,20330599.0
MYS,SP.POP.TOTL,1994,19820446.0
MYS,SP.POP.TOTL,1993,19322664.0
MYS,SP.POP.TOTL,1992,18834572.0
MYS,SP.POP.TOTL,1991,18342464.0
MYS,SP.POP.TOTL,1990,17833171.0
MYS,SP.POP.TOTL,1989,17314997.0
MYS,SP.POP.TOTL,1988,16796605.0
MYS,SP.POP.TOTL,1987,16276737.0
MYS,SP.POP.TOTL,1986,15760419.0
MYS,SP.POP.TOTL,1985,15252258.0
MYS,SP.POP.TOTL,1984,14759009.0
MYS,SP.POP.TOTL,1983,14285907.0
MYS,SP.POP.TOTL,1982,13832798.0
MYS,SP.POP.TOTL,1981,13399203.0
MYS,SP.POP.TOTL,1980,12983363.0
MYS,SP.POP.TOTL,1979,12627862.0
MYS,SP.POP.TOTL,1978,12328157.0
MYS,SP.POP.TOTL,1977,12035713.0
MYS,SP.POP.TOTL,1976,11750097.0
MYS,SP.POP.TOTL,1975,11471914.0
MYS,SP.POP.TOTL,1974,11200906.0
MYS,SP.POP.TOTL,1973,10935621.0
MYS,SP.POP.TOTL,1972,10676835.0
MYS,SP.POP.TOTL,1971,10423453.0
MYS,SP.POP.TOTL,1970,10178802.0
MYS,SP.POP.TOTL,1969,9947597.0
MYS,SP.POP.TOTL,1968,9725281.0
MYS,SP.POP.TOTL,1967,9507099.0
MYS,SP.POP.TOTL,1966,9284688.0
MYS,SP.POP.TOTL,1965,9056408.0
MYS,SP.POP.TOTL,1964,8828406.0
MYS,SP.POP.TOTL,1963,8602160.0
MYS,SP.POP.TOTL,1962,8380172.0
MYS,SP.POP.TOTL,1961,8164443.0
MYS,SP.POP.TOTL,1960,7956197.0
MYS,FP.CPI.TOTL.ZG,2025,1.38060872293692
MYS,FP.CPI.TOTL.ZG,2024,1.834100204499
MYS,FP.CPI.TOTL.ZG,2023,2.48886560125754
MYS,FP.CPI.TOTL.ZG,2022,3.37869862549928
MYS,FP.CPI.TOTL.ZG,2021,2.47710241465447
MYS,FP.CPI.TOTL.ZG,2020,-1.1387021539305
MYS,FP.CPI.TOTL.ZG,2019,0.662891865764326
MYS,FP.CPI.TOTL.ZG,2018,0.884709160571235
MYS,FP.CPI.TOTL.ZG,2017,3.87120115774237
MYS,FP.CPI.TOTL.ZG,2016,2.09056659525742
MYS,FP.CPI.TOTL.ZG,2015,2.10438980238359
MYS,FP.CPI.TOTL.ZG,2014,3.14299050879095
MYS,FP.CPI.TOTL.ZG,2013,2.10501231233612
MYS,FP.CPI.TOTL.ZG,2012,1.66357102479206
MYS,FP.CPI.TOTL.ZG,2011,3.1744709215131
MYS,FP.CPI.TOTL.ZG,2010,1.62285235577035
MYS,FP.CPI.TOTL.ZG,2009,0.583308405623702
MYS,FP.CPI.TOTL.ZG,2008,5.44078221100769
MYS,FP.CPI.TOTL.ZG,2007,2.02735317779569
MYS,FP.CPI.TOTL.ZG,2006,3.60923564224389
MYS,FP.CPI.TOTL.ZG,2005,2.97507092684449
MYS,FP.CPI.TOTL.ZG,2004,1.42127115937402
MYS,FP.CPI.TOTL.ZG,2003,1.08967632577286
MYS,FP.CPI.TOTL.ZG,2002,1.80787246281536
MYS,FP.CPI.TOTL.ZG,2001,1.41678473206098
MYS,FP.CPI.TOTL.ZG,2000,1.53474023697699
MYS,FP.CPI.TOTL.ZG,1999,2.74456130240604
MYS,FP.CPI.TOTL.ZG,1998,5.27034200348766
MYS,FP.CPI.TOTL.ZG,1997,2.66251459711946
MYS,FP.CPI.TOTL.ZG,1996,3.48855945858916
MYS,FP.CPI.TOTL.ZG,1995,3.45057509584895
MYS,FP.CPI.TOTL.ZG,1994,3.72497055359284
MYS,FP.CPI.TOTL.ZG,1993,3.53658536585389
MYS,FP.CPI.TOTL.ZG,1992,4.76722829992821
MYS,FP.CPI.TOTL.ZG,1991,4.358333333333
MYS,FP.CPI.TOTL.ZG,1990,2.61780104712051
MYS,FP.CPI.TOTL.ZG,1989,2.81320089714805
MYS,FP.CPI.TOTL.ZG,1988,2.55651945320742
MYS,FP.CPI.TOTL.ZG,1987,0.290007909438412
MYS,FP.CPI.TOTL.ZG,1986,0.737002855391939
MYS,FP.CPI.TOTL.ZG,1985,0.346458791259884
MYS,FP.CPI.TOTL.ZG,1984,3.89727260149768
MYS,FP.CPI.TOTL.ZG,1983,3.70423546319373
MYS,FP.CPI.TOTL.ZG,1982,5.8189000297783
MYS,FP.CPI.TOTL.ZG,1981,9.70000000000015
MYS,FP.CPI.TOTL.ZG,1980,6.6749195345051
MYS,FP.CPI.TOTL.ZG,1979,3.65446799796414
MYS,FP.CPI.TOTL.ZG,1978,4.86006458554252
MYS,FP.CPI.TOTL.ZG,1977,4.78822401445964
MYS,FP.CPI.TOTL.ZG,1976,2.63371150730571
MYS,FP.CPI.TOTL.ZG,1975,4.48772226915906
MYS,FP.CPI.TOTL.ZG,1974,17.3289809824411
MYS,FP.CPI.TOTL.ZG,1973,10.5601757413101
MYS,FP.CPI.TOTL.ZG,1972,3.23155422354874
MYS,FP.CPI.TOTL.ZG,1971,1.61303596395808
MYS,FP.CPI.TOTL.ZG,1970,1.84393596556387
MYS,FP.CPI.TOTL.ZG,1969,-0.40901502529407
MYS,FP.CPI.TOTL.ZG,1968,-0.158346528794567
MYS,FP.CPI.TOTL.ZG,1967,4.57556214033291
MYS,FP.CPI.TOTL.ZG,1966,0.967969025261369
MYS,FP.CPI.TOTL.ZG,1965,-0.10548523224379
MYS,FP.CPI.TOTL.ZG,1964,-0.402731571003658
MYS,FP.CPI.TOTL.ZG,1963,3.10525365608344
MYS,FP.CPI.TOTL.ZG,1962,0.10844026784809
MYS,FP.CPI.TOTL.ZG,1961,-0.180407721631565
MYS,FP.CPI.TOTL.ZG,1960,0.063182597888167
MYS,SL.UEM.TOTL.ZS,2025,3.764
MYS,SL.UEM.TOTL.ZS,2024,3.846
MYS,SL.UEM.TOTL.ZS,2023,3.858
MYS,SL.UEM.TOTL.ZS,2022,3.93
MYS,SL.UEM.TOTL.ZS,2021,4.64
MYS,SL.UEM.TOTL.ZS,2020,4.54
MYS,SL.UEM.TOTL.ZS,2019,3.33
MYS,SL.UEM.TOTL.ZS,2018,3.3
MYS,SL.UEM.TOTL.ZS,2017,3.41
MYS,SL.UEM.TOTL.ZS,2016,3.44
MYS,SL.UEM.TOTL.ZS,2015,3.1
MYS,SL.UEM.TOTL.ZS,2014,2.88
MYS,SL.UEM.TOTL.ZS,2013,3.14
MYS,SL.UEM.TOTL.ZS,2012,3.04
MYS,SL.UEM.TOTL.ZS,2011,3.05
MYS,SL.UEM.TOTL.ZS,2010,3.32
MYS,SL.UEM.TOTL.ZS,2009,3.62
MYS,SL.UEM.TOTL.ZS,2008,3.34
MYS,SL.UEM.TOTL.ZS,2007,3.31
MYS,SL.UEM.TOTL.ZS,2006,3.32
MYS,SL.UEM.TOTL.ZS,2005,3.53
MYS,SL.UEM.TOTL.ZS,2004,3.54
MYS,SL.UEM.TOTL.ZS,2003,3.61
MYS,SL.UEM.TOTL.ZS,2002,3.48
MYS,SL.UEM.TOTL.ZS,2001,3.53
MYS,SL.UEM.TOTL.ZS,2000,3.0
MYS,SL.UEM.TOTL.ZS,1999,3.43
MYS,SL.UEM.TOTL.ZS,1998,3.2
MYS,SL.UEM.TOTL.ZS,1997,2.45
MYS,SL.UEM.TOTL.ZS,1996,2.52
MYS,SL.UEM.TOTL.ZS,1995,3.15
MYS,SL.UEM.TOTL.ZS,1994,3.64
MYS,SL.UEM.TOTL.ZS,1993,4.11
MYS,SL.UEM.TOTL.ZS,1992,3.71
MYS,SL.UEM.TOTL.ZS,1991,3.7
MYS,GC.DOD.TOTL.GD.ZS,2024,64.566529006102
MYS,GC.DOD.TOTL.GD.ZS,2023,64.2816241956596
MYS,GC.DOD.TOTL.GD.ZS,2022,60.1479261322487
MYS,GC.DOD.TOTL.GD.ZS,2021,63.2668366732951
MYS,GC.DOD.TOTL.GD.ZS,2020,62.0067215086738
MYS,GC.DOD.TOTL.GD.ZS,2019,52.4213502119727
MYS,GC.DOD.TOTL.GD.ZS,2018,51.1859148831795
MYS,GC.DOD.TOTL.GD.ZS,2017,50.0496777374929
MYS,GC.DOD.TOTL.GD.ZS,2016,51.8905275342534
MYS,GC.DOD.TOTL.GD.ZS,2015,53.5744697326154
MYS,GC.DOD.TOTL.GD.ZS,2014,52.6758487332831
MYS,GC.DOD.TOTL.GD.ZS,2013,52.9992519246741
MYS,GC.DOD.TOTL.GD.ZS,2012,51.6464316160996
MYS,GC.DOD.TOTL.GD.ZS,2011,50.0286816425423
MYS,GC.DOD.TOTL.GD.ZS,2010,49.5598230655171
MYS,GC.DOD.TOTL.GD.ZS,2009,50.8357455983458
MYS,GC.DOD.TOTL.GD.ZS,2008,39.7997028374607
MYS,GC.DOD.TOTL.GD.ZS,2007,40.0881257702829
MYS,GC.DOD.TOTL.GD.ZS,2006,40.5883961366256
MYS,GC.DOD.TOTL.GD.ZS,2005,42.0675597614326
MYS,GC.DOD.TOTL.GD.ZS,2004,45.6966383151073
MYS,GC.DOD.TOTL.GD.ZS,2003,45.0766412986635
MYS,GC.DOD.TOTL.GD.ZS,2002,43.047339208221
MYS,GC.DOD.TOTL.GD.ZS,1995,41.0697028403447
MYS,GC.DOD.TOTL.GD.ZS,1994,47.6197297670635
MYS,GC.DOD.TOTL.GD.ZS,1993,55.6918359524722
MYS,GC.DOD.TOTL.GD.ZS,1992,64.3772978856134
MYS,GC.DOD.TOTL.GD.ZS,1991,73.3193215120926
MYS,GC.DOD.TOTL.GD.ZS,1990,79.5366179323318
MYS,IT.NET.USER.ZS,2024,98.0206059
MYS,IT.NET.USER.ZS,2023,97.69272633
MYS,IT.NET.USER.ZS,2022,97.3986404
MYS,IT.NET.USER.ZS,2021,96.7514278
MYS,IT.NET.USER.ZS,2020,89.55501192
MYS,IT.NET.USER.ZS,2019,84.1871450078281
MYS,IT.NET.USER.ZS,2018,81.2010486181174
MYS,IT.NET.USER.ZS,2017,80.1404790103961
MYS,IT.NET.USER.ZS,2016,78.7883099275229
MYS,IT.NET.USER.ZS,2015,71.0640678111957
MYS,IT.NET.USER.ZS,2014,63.6654258813225
MYS,IT.NET.USER.ZS,2013,57.05751226
MYS,IT.NET.USER.ZS,2012,65.8
MYS,IT.NET.USER.ZS,2011,61.0
MYS,IT.NET.USER.ZS,2010,56.3
MYS,IT.NET.USER.ZS,2009,55.9
MYS,IT.NET.USER.ZS,2008,55.8
MYS,IT.NET.USER.ZS,2007,55.7
MYS,IT.NET.USER.ZS,2006,51.6379889864403
MYS,IT.NET.USER.ZS,2005,48.6291702459839
MYS,IT.NET.USER.ZS,2004,42.2522656295248
MYS,IT.NET.USER.ZS,2003,34.9711523397291
MYS,IT.NET.USER.ZS,2002,32.3382043389359
MYS,IT.NET.USER.ZS,2001,26.6959725007084
MYS,IT.NET.USER.ZS,2000,21.3847311644538
MYS,IT.NET.USER.ZS,1999,12.3
MYS,IT.NET.USER.ZS,1998,6.75
MYS,IT.NET.USER.ZS,1997,2.31
MYS,IT.NET.USER.ZS,1996,0.852
MYS,IT.NET.USER.ZS,1995,0.146
MYS,IT.NET.USER.ZS,1994,0.0996
MYS,IT.NET.USER.ZS,1993,0.0255
MYS,IT.NET.USER.ZS,1992,0.00105
MYS,IT.NET.USER.ZS,1990,0.0
MYS,EG.ELC.ACCS.ZS,2024,100.0
MYS,EG.ELC.ACCS.ZS,2023,100.0
MYS,EG.ELC.ACCS.ZS,2022,100.0
MYS,EG.ELC.ACCS.ZS,2021,100.0
MYS,EG.ELC.ACCS.ZS,2020,100.0
MYS,EG.ELC.ACCS.ZS,2019,100.0
MYS,EG.ELC.ACCS.ZS,2018,100.0
MYS,EG.ELC.ACCS.ZS,2017,100.0
MYS,EG.ELC.ACCS.ZS,2016,99.9
MYS,EG.ELC.ACCS.ZS,2015,99.9
MYS,EG.ELC.ACCS.ZS,2014,99.7
MYS,EG.ELC.ACCS.ZS,2013,99.6
MYS,EG.ELC.ACCS.ZS,2012,99.8
MYS,EG.ELC.ACCS.ZS,2011,99.5
MYS,EG.ELC.ACCS.ZS,2010,99.5
MYS,EG.ELC.ACCS.ZS,2009,99.3
MYS,EG.ELC.ACCS.ZS,2008,99.0
MYS,EG.ELC.ACCS.ZS,2007,98.9
MYS,EG.ELC.ACCS.ZS,2006,98.8
MYS,EG.ELC.ACCS.ZS,2005,98.7
MYS,EG.ELC.ACCS.ZS,2004,98.7
MYS,EG.ELC.ACCS.ZS,2003,98.7
MYS,EG.ELC.ACCS.ZS,2002,98.6
MYS,EG.ELC.ACCS.ZS,2001,98.6
MYS,EG.ELC.ACCS.ZS,2000,98.6
MYS,IT.NET.BBND.P2,2024,13.5464432669708
MYS,IT.NET.BBND.P2,2023,13.0287000355119
MYS,IT.NET.BBND.P2,2022,12.1753566089982
MYS,IT.NET.BBND.P2,2021,10.8921782282506
MYS,IT.NET.BBND.P2,2020,9.91101742902637
MYS,IT.NET.BBND.P2,2019,8.86497357882019
MYS,IT.NET.BBND.P2,2018,8.19179819298533
MYS,IT.NET.BBND.P2,2017,8.30705146836206
MYS,IT.NET.BBND.P2,2016,8.55245970508987
MYS,IT.NET.BBND.P2,2015,9.80955980953099
MYS,IT.NET.BBND.P2,2014,9.97193881432051
MYS,IT.NET.BBND.P2,2013,9.73942530166021
MYS,IT.NET.BBND.P2,2012,9.84700347717991
MYS,IT.NET.BBND.P2,2011,8.59576382844835
MYS,IT.NET.BBND.P2,2010,7.32068815724969
MYS,IT.NET.BBND.P2,2009,5.52395471352698
MYS,IT.NET.BBND.P2,2008,4.82153483966066
MYS,IT.NET.BBND.P2,2007,3.83430285414437
MYS,IT.NET.BBND.P2,2006,2.84276851737206
MYS,IT.NET.BBND.P2,2005,1.86986635854964
MYS,IT.NET.BBND.P2,2004,0.999731873891089
MYS,IT.NET.BBND.P2,2003,0.447341087591283
MYS,IT.NET.BBND.P2,2002,0.0800830553639777
MYS,IT.NET.BBND.P2,2001,0.0170020765486193
MYS,FS.AST.PRVT.GD.ZS,2025,117.938077066737
MYS,FS.AST.PRVT.GD.ZS,2024,116.107410807392
MYS,FS.AST.PRVT.GD.ZS,2023,117.099430029325
MYS,FS.AST.PRVT.GD.ZS,2022,113.070470558095
MYS,FS.AST.PRVT.GD.ZS,2021,127.260894609567
MYS,FS.AST.PRVT.GD.ZS,2020,133.816995520751
MYS,FS.AST.PRVT.GD.ZS,2019,120.706946299114
MYS,FS.AST.PRVT.GD.ZS,2018,120.276311883907
MYS,FS.AST.PRVT.GD.ZS,2017,117.167568374282
MYS,FS.AST.PRVT.GD.ZS,2016,121.979820601963
MYS,FS.AST.PRVT.GD.ZS,2015,123.10362963114
MYS,FS.AST.PRVT.GD.ZS,2014,120.578651022847
MYS,FS.AST.PRVT.GD.ZS,2013,119.899693910412
MYS,FS.AST.PRVT.GD.ZS,2012,114.124529817132
MYS,FS.AST.PRVT.GD.ZS,2011,108.425936705379
MYS,FS.AST.PRVT.GD.ZS,2010,107.122752573885
MYS,FS.AST.PRVT.GD.ZS,2009,111.606889987937
MYS,FS.AST.PRVT.GD.ZS,2008,96.7482535065206
MYS,FS.AST.PRVT.GD.ZS,2007,101.580075160148
MYS,FS.AST.PRVT.GD.ZS,2006,103.663830374316
MYS,FS.AST.PRVT.GD.ZS,2005,106.524431907379
MYS,FS.AST.PRVT.GD.ZS,2004,111.937605148211
MYS,FS.AST.PRVT.GD.ZS,2003,118.974148880103
MYS,FS.AST.PRVT.GD.ZS,2002,121.827344934405
MYS,FS.AST.PRVT.GD.ZS,2001,129.101375578239
MYS,FS.AST.PRVT.GD.ZS,2000,134.999853925775
MYS,FS.AST.PRVT.GD.ZS,1999,149.152981074863
MYS,FS.AST.PRVT.GD.ZS,1998,158.505378770173
MYS,FS.AST.PRVT.GD.ZS,1997,158.385047580688
MYS,FS.AST.PRVT.GD.ZS,1996,141.633739142087
MYS,FS.AST.PRVT.GD.ZS,1995,124.414153627631
MYS,FS.AST.PRVT.GD.ZS,1994,109.217183990668
MYS,FS.AST.PRVT.GD.ZS,1993,106.459806961915
MYS,FS.AST.PRVT.GD.ZS,1992,108.529220477562
MYS,FS.AST.PRVT.GD.ZS,1991,73.7605458689796
MYS,FS.AST.PRVT.GD.ZS,1990,69.4126686877
MYS,FS.AST.PRVT.GD.ZS,1989,95.652884551424
MYS,FS.AST.PRVT.GD.ZS,1988,86.462487820721
MYS,FS.AST.PRVT.GD.ZS,1987,89.576617130172
MYS,FS.AST.PRVT.GD.ZS,1986,101.466044640612
MYS,FS.AST.PRVT.GD.ZS,1985,88.1746482509358
MYS,FS.AST.PRVT.GD.ZS,1984,74.8901319924576
MYS,FS.AST.PRVT.GD.ZS,1983,69.9268922832321
MYS,FS.AST.PRVT.GD.ZS,1982,62.7329281846127
MYS,FS.AST.PRVT.GD.ZS,1981,57.7614427299394
MYS,FS.AST.PRVT.GD.ZS,1980,49.9093944623696
MYS,FS.AST.PRVT.GD.ZS,1979,41.4774685507496
MYS,FS.AST.PRVT.GD.ZS,1978,39.1928416829436
MYS,FS.AST.PRVT.GD.ZS,1977,35.8237476808905
MYS,FS.AST.PRVT.GD.ZS,1976,33.9825529642158
MYS,FS.AST.PRVT.GD.ZS,1975,34.3157800465699
MYS,FS.AST.PRVT.GD.ZS,1974,28.2365036311138
MYS,FS.AST.PRVT.GD.ZS,1973,27.7893499973295
MYS,FS.AST.PRVT.GD.ZS,1972,24.2405063291139
MYS,FS.AST.PRVT.GD.ZS,1971,22.5627170976457
MYS,FS.AST.PRVT.GD.ZS,1970,21.2866683574267
MYS,FS.AST.PRVT.GD.ZS,1969,18.3722588696737
MYS,FS.AST.PRVT.GD.ZS,1968,16.5767533104463
MYS,FS.AST.PRVT.GD.ZS,1967,14.3925425117804
MYS,FS.AST.PRVT.GD.ZS,1966,13.1975475423465
MYS,FS.AST.PRVT.GD.ZS,1965,12.3646408839779
MYS,FS.AST.PRVT.GD.ZS,1964,11.1884695248565
MYS,FS.AST.PRVT.GD.ZS,1963,11.9599167100468
MYS,FS.AST.PRVT.GD.ZS,1962,12.6326097600783
MYS,FS.AST.PRVT.GD.ZS,1961,11.8687736173136
MYS,FS.AST.PRVT.GD.ZS,1960,8.91578588475963
MYS,IC.BUS.NDNS.ZS,2024,2.37877480507523
MYS,IC.BUS.NDNS.ZS,2023,2.2491868932088
MYS,IC.BUS.NDNS.ZS,2022,2.13701350889735
MYS,IC.BUS.NDNS.ZS,2021,2.05419054158502
MYS,IC.BUS.NDNS.ZS,2020,2.03659138288557
MYS,IC.BUS.NDNS.ZS,2019,2.20654540036676
MYS,IC.BUS.NDNS.ZS,2018,2.28279824678341
MYS,IC.BUS.NDNS.ZS,2017,2.34280529664659
MYS,IC.BUS.NDNS.ZS,2016,2.13808100181695
MYS,IC.BUS.NDNS.ZS,2015,2.27034664038729
MYS,IC.BUS.NDNS.ZS,2014,2.45785737871772
MYS,IC.BUS.NDNS.ZS,2013,2.32405495501871
MYS,IC.BUS.NDNS.ZS,2012,2.25790932178077
MYS,IC.BUS.NDNS.ZS,2011,2.30901407557749
MYS,IC.BUS.NDNS.ZS,2010,2.29504111792672
MYS,IC.BUS.NDNS.ZS,2009,2.21372477312753
MYS,IC.BUS.NDNS.ZS,2008,2.28872328647712
MYS,IC.BUS.NDNS.ZS,2007,2.4517904854176
MYS,IC.BUS.NDNS.ZS,2006,2.2333643070557
MYS,NE.TRD.GNFS.ZS,2025,136.39642032295
MYS,NE.TRD.GNFS.ZS,2024,137.362571161559
MYS,NE.TRD.GNFS.ZS,2023,132.593461641599
MYS,NE.TRD.GNFS.ZS,2022,146.424604753908
MYS,NE.TRD.GNFS.ZS,2021,134.035994690727
MYS,NE.TRD.GNFS.ZS,2020,116.788182437638
MYS,NE.TRD.GNFS.ZS,2019,123.028562027943
MYS,NE.TRD.GNFS.ZS,2018,130.402625502126
MYS,NE.TRD.GNFS.ZS,2017,133.155173371956
MYS,NE.TRD.GNFS.ZS,2016,126.8990100257
MYS,NE.TRD.GNFS.ZS,2015,131.37007244526
MYS,NE.TRD.GNFS.ZS,2014,138.312231176843
MYS,NE.TRD.GNFS.ZS,2013,142.720991464873
MYS,NE.TRD.GNFS.ZS,2012,147.841754766013
MYS,NE.TRD.GNFS.ZS,2011,154.937684607226
MYS,NE.TRD.GNFS.ZS,2010,157.944764886771
MYS,NE.TRD.GNFS.ZS,2009,162.558970452699
MYS,NE.TRD.GNFS.ZS,2008,176.668324785148
MYS,NE.TRD.GNFS.ZS,2007,192.465506357652
MYS,NE.TRD.GNFS.ZS,2006,202.577146840398
MYS,NE.TRD.GNFS.ZS,2005,203.854644595624
MYS,NE.TRD.GNFS.ZS,2004,210.374265897124
MYS,NE.TRD.GNFS.ZS,2003,194.195129056831
MYS,NE.TRD.GNFS.ZS,2002,199.356232695655
MYS,NE.TRD.GNFS.ZS,2001,203.364636010653
MYS,NE.TRD.GNFS.ZS,2000,220.406788982074
MYS,NE.TRD.GNFS.ZS,1999,217.570919391949
MYS,NE.TRD.GNFS.ZS,1998,209.492202808189
MYS,NE.TRD.GNFS.ZS,1997,185.66511116237
MYS,NE.TRD.GNFS.ZS,1996,181.766982485457
MYS,NE.TRD.GNFS.ZS,1995,192.113200253514
MYS,NE.TRD.GNFS.ZS,1994,179.904942673986
MYS,NE.TRD.GNFS.ZS,1993,157.940462501597
MYS,NE.TRD.GNFS.ZS,1992,150.611220981935
MYS,NE.TRD.GNFS.ZS,1991,159.311447263255
MYS,NE.TRD.GNFS.ZS,1990,146.888252533989
MYS,NE.TRD.GNFS.ZS,1989,136.689061416096
MYS,NE.TRD.GNFS.ZS,1988,122.624228645664
MYS,NE.TRD.GNFS.ZS,1987,111.919590553123
MYS,NE.TRD.GNFS.ZS,1986,106.497751208202
MYS,NE.TRD.GNFS.ZS,1985,104.683103136698
MYS,NE.TRD.GNFS.ZS,1984,106.629792583281
MYS,NE.TRD.GNFS.ZS,1983,108.016296632786
MYS,NE.TRD.GNFS.ZS,1982,110.458633524497
MYS,NE.TRD.GNFS.ZS,1981,110.862131810529
MYS,NE.TRD.GNFS.ZS,1980,112.587228933744
MYS,NE.TRD.GNFS.ZS,1979,103.153541271756
MYS,NE.TRD.GNFS.ZS,1978,92.5460592303225
MYS,NE.TRD.GNFS.ZS,1977,92.7767470624614
MYS,NE.TRD.GNFS.ZS,1976,93.1956560441517
MYS,NE.TRD.GNFS.ZS,1975,90.6457101916532
MYS,NE.TRD.GNFS.ZS,1974,96.3863855105434
MYS,NE.TRD.GNFS.ZS,1973,77.3326924104043
MYS,NE.TRD.GNFS.ZS,1972,73.3755274261603
MYS,NE.TRD.GNFS.ZS,1971,79.4905441914319
MYS,NE.TRD.GNFS.ZS,1970,86.8797024262406
MYS,NE.TRD.GNFS.ZS,1969,84.2396149046176
MYS,NE.TRD.GNFS.ZS,1968,82.932810201079
MYS,NE.TRD.GNFS.ZS,1967,79.4919073960254
MYS,NE.TRD.GNFS.ZS,1966,81.0765873428245
MYS,NE.TRD.GNFS.ZS,1965,85.3149171270718
MYS,NE.TRD.GNFS.ZS,1964,86.4297056308782
MYS,NE.TRD.GNFS.ZS,1963,89.7058823529412
MYS,NE.TRD.GNFS.ZS,1962,89.1790435776073
MYS,NE.TRD.GNFS.ZS,1961,90.054963929921
MYS,NE.TRD.GNFS.ZS,1960,92.3286737129219
MYS,BX.KLT.DINV.WD.GD.ZS,2024,3.6930953933026
MYS,BX.KLT.DINV.WD.GD.ZS,2023,1.97990062716743
MYS,BX.KLT.DINV.WD.GD.ZS,2022,3.68486215546291
MYS,BX.KLT.DINV.WD.GD.ZS,2021,5.41626377085161
MYS,BX.KLT.DINV.WD.GD.ZS,2020,1.20275464255821
MYS,BX.KLT.DINV.WD.GD.ZS,2019,2.50697705748044
MYS,BX.KLT.DINV.WD.GD.ZS,2018,2.31458721219734
MYS,BX.KLT.DINV.WD.GD.ZS,2017,2.9358203805856
MYS,BX.KLT.DINV.WD.GD.ZS,2016,4.47130958598651
MYS,BX.KLT.DINV.WD.GD.ZS,2015,3.27094402931735
MYS,BX.KLT.DINV.WD.GD.ZS,2014,3.14122940365348
MYS,BX.KLT.DINV.WD.GD.ZS,2013,3.49431175959971
MYS,BX.KLT.DINV.WD.GD.ZS,2012,2.82905738174529
MYS,BX.KLT.DINV.WD.GD.ZS,2011,5.07446032143377
MYS,BX.KLT.DINV.WD.GD.ZS,2010,4.26864663854031
MYS,BX.KLT.DINV.WD.GD.ZS,2009,0.056692316075743
MYS,BX.KLT.DINV.WD.GD.ZS,2008,3.28081949125174
MYS,BX.KLT.DINV.WD.GD.ZS,2007,4.68684578287436
MYS,BX.KLT.DINV.WD.GD.ZS,2006,4.72716484834358
MYS,BX.KLT.DINV.WD.GD.ZS,2005,2.73438734940078
MYS,BX.KLT.DINV.WD.GD.ZS,2004,3.50787262049412
MYS,BX.KLT.DINV.WD.GD.ZS,2003,2.92094209456765
MYS,BX.KLT.DINV.WD.GD.ZS,2002,3.16612432250471
MYS,BX.KLT.DINV.WD.GD.ZS,2001,0.597029318252079
MYS,BX.KLT.DINV.WD.GD.ZS,2000,4.03842862393763
MYS,BX.KLT.DINV.WD.GD.ZS,1999,4.9214666648934
MYS,BX.KLT.DINV.WD.GD.ZS,1998,2.99775085201455
MYS,BX.KLT.DINV.WD.GD.ZS,1997,5.13624115805327
MYS,BX.KLT.DINV.WD.GD.ZS,1996,5.03534293107291
MYS,BX.KLT.DINV.WD.GD.ZS,1995,4.71024540158831
MYS,BX.KLT.DINV.WD.GD.ZS,1994,5.82961425798393
MYS,BX.KLT.DINV.WD.GD.ZS,1993,7.4828391233144
MYS,BX.KLT.DINV.WD.GD.ZS,1992,8.76047440214555
MYS,BX.KLT.DINV.WD.GD.ZS,1991,8.13632963600556
MYS,BX.KLT.DINV.WD.GD.ZS,1990,5.29807441993264
MYS,BX.KLT.DINV.WD.GD.ZS,1989,4.29333056736689
MYS,BX.KLT.DINV.WD.GD.ZS,1988,2.03962299468874
MYS,BX.KLT.DINV.WD.GD.ZS,1987,1.31343634347508
MYS,BX.KLT.DINV.WD.GD.ZS,1986,1.76271777377718
MYS,BX.KLT.DINV.WD.GD.ZS,1985,2.22666868667977
MYS,BX.KLT.DINV.WD.GD.ZS,1984,2.34946607947751
MYS,BX.KLT.DINV.WD.GD.ZS,1983,4.15365396776224
MYS,BX.KLT.DINV.WD.GD.ZS,1982,5.21254407721585
MYS,BX.KLT.DINV.WD.GD.ZS,1981,5.05788624278183
MYS,BX.KLT.DINV.WD.GD.ZS,1980,3.81368591872655
MYS,BX.KLT.DINV.WD.GD.ZS,1979,2.70334351108458
MYS,BX.KLT.DINV.WD.GD.ZS,1978,3.05653847627618
MYS,BX.KLT.DINV.WD.GD.ZS,1977,3.08905338613725
MYS,BX.KLT.DINV.WD.GD.ZS,1976,3.45024034295074
MYS,BX.KLT.DINV.WD.GD.ZS,1975,3.76920863765598
MYS,BX.KLT.DINV.WD.GD.ZS,1974,6.01102542086446
MYS,BX.KLT.DINV.WD.GD.ZS,1973,2.24458024889174
MYS,BX.KLT.DINV.WD.GD.ZS,1972,2.2604035443038
MYS,BX.KLT.DINV.WD.GD.ZS,1971,2.3560478579699
MYS,BX.KLT.DINV.WD.GD.ZS,1970,2.43262050891876
VNM,NY.GDP.MKTP.KD.ZG,2025,8.01882998978245
VNM,NY.GDP.MKTP.KD.ZG,2024,7.03955197123018
VNM,NY.GDP.MKTP.KD.ZG,2023,4.97865959483225
VNM,NY.GDP.MKTP.KD.ZG,2022,8.53750041218142
VNM,NY.GDP.MKTP.KD.ZG,2021,2.55372852648131
VNM,NY.GDP.MKTP.KD.ZG,2020,2.86541320912272
VNM,NY.GDP.MKTP.KD.ZG,2019,7.35926270105006
VNM,NY.GDP.MKTP.KD.ZG,2018,7.46500685572751
VNM,NY.GDP.MKTP.KD.ZG,2017,6.94019037359206
VNM,NY.GDP.MKTP.KD.ZG,2016,6.69000892660424
VNM,NY.GDP.MKTP.KD.ZG,2015,6.98715430598611
VNM,NY.GDP.MKTP.KD.ZG,2014,6.42224312118567
VNM,NY.GDP.MKTP.KD.ZG,2013,5.55351081026072
VNM,NY.GDP.MKTP.KD.ZG,2012,5.5045447041189
VNM,NY.GDP.MKTP.KD.ZG,2011,6.41316889681683
VNM,NY.GDP.MKTP.KD.ZG,2010,6.42324482239482
VNM,NY.GDP.MKTP.KD.ZG,2009,5.39789754014181
VNM,NY.GDP.MKTP.KD.ZG,2008,5.66177120891362
VNM,NY.GDP.MKTP.KD.ZG,2007,7.12950448605439
VNM,NY.GDP.MKTP.KD.ZG,2006,6.97795481056711
VNM,NY.GDP.MKTP.KD.ZG,2005,7.54724772895918
VNM,NY.GDP.MKTP.KD.ZG,2004,7.53641060890386
VNM,NY.GDP.MKTP.KD.ZG,2003,6.89906349055258
VNM,NY.GDP.MKTP.KD.ZG,2002,6.32082099160833
VNM,NY.GDP.MKTP.KD.ZG,2001,6.19289331233377
VNM,NY.GDP.MKTP.KD.ZG,2000,6.78731640463151
VNM,NY.GDP.MKTP.KD.ZG,1999,4.77358688344989
VNM,NY.GDP.MKTP.KD.ZG,1998,5.76445545848843
VNM,NY.GDP.MKTP.KD.ZG,1997,8.1520841433542
VNM,NY.GDP.MKTP.KD.ZG,1996,9.34001749939179
VNM,NY.GDP.MKTP.KD.ZG,1995,9.54048017491264
VNM,NY.GDP.MKTP.KD.ZG,1994,8.83898095245374
VNM,NY.GDP.MKTP.KD.ZG,1993,8.07273065739605
VNM,NY.GDP.MKTP.KD.ZG,1992,8.64604745934572
VNM,NY.GDP.MKTP.KD.ZG,1991,5.96084393218912
VNM,NY.GDP.MKTP.KD.ZG,1990,5.10091813908369
VNM,NY.GDP.MKTP.KD.ZG,1989,7.36451289395819
VNM,NY.GDP.MKTP.KD.ZG,1988,5.13501167157808
VNM,NY.GDP.MKTP.KD.ZG,1987,3.5834696313072
VNM,NY.GDP.MKTP.KD.ZG,1986,2.78929157479443
VNM,NY.GDP.MKTP.KD.ZG,1985,3.80585566810947
VNM,NY.GDP.PCAP.CD,2025,5065.99091899299
VNM,NY.GDP.PCAP.CD,2024,4716.6599379632
VNM,NY.GDP.PCAP.CD,2023,4322.82572261566
VNM,NY.GDP.PCAP.CD,2022,4147.69777213621
VNM,NY.GDP.PCAP.CD,2021,3704.1935590038
VNM,NY.GDP.PCAP.CD,2020,3534.03953482647
VNM,NY.GDP.PCAP.CD,2019,3440.90025375434
VNM,NY.GDP.PCAP.CD,2018,3222.31003125366
VNM,NY.GDP.PCAP.CD,2017,2956.10992127753
VNM,NY.GDP.PCAP.CD,2016,2735.0604380416
VNM,NY.GDP.PCAP.CD,2015,2577.56885340113
VNM,NY.GDP.PCAP.CD,2014,2546.38464459903
VNM,NY.GDP.PCAP.CD,2013,2359.51736472828
VNM,NY.GDP.PCAP.CD,2012,2185.11767654291
VNM,NY.GDP.PCAP.CD,2011,1950.92504174913
VNM,NY.GDP.PCAP.CD,2010,1683.16182443979
VNM,NY.GDP.PCAP.CD,2009,1226.16976051536
VNM,NY.GDP.PCAP.CD,2008,1163.83195772873
VNM,NY.GDP.PCAP.CD,2007,925.640338348717
VNM,NY.GDP.PCAP.CD,2006,807.756645117054
VNM,NY.GDP.PCAP.CD,2005,710.746759994861
VNM,NY.GDP.PCAP.CD,2004,565.452284586212
VNM,NY.GDP.PCAP.CD,2003,497.117089249256
VNM,NY.GDP.PCAP.CD,2002,445.132861817313
VNM,NY.GDP.PCAP.CD,2001,419.205677580901
VNM,NY.GDP.PCAP.CD,2000,404.029784055118
VNM,NY.GDP.PCAP.CD,1999,375.994455900496
VNM,NY.GDP.PCAP.CD,1998,361.350928411167
VNM,NY.GDP.PCAP.CD,1997,361.643884085566
VNM,NY.GDP.PCAP.CD,1996,337.051231790277
VNM,NY.GDP.PCAP.CD,1995,287.802661028593
VNM,NY.GDP.PCAP.CD,1994,229.857787265757
VNM,NY.GDP.PCAP.CD,1993,189.418573584332
VNM,NY.GDP.PCAP.CD,1992,144.549392371677
VNM,NY.GDP.PCAP.CD,1991,143.715270231936
VNM,NY.GDP.PCAP.CD,1990,98.7983370311401
VNM,NY.GDP.PCAP.CD,1989,98.1070172159577
VNM,NY.GDP.PCAP.CD,1988,404.559305078888
VNM,NY.GDP.PCAP.CD,1987,595.247488701606
VNM,NY.GDP.PCAP.CD,1986,436.419296772225
VNM,NY.GDP.PCAP.CD,1985,238.647805313403
VNM,SP.POP.TOTL,2025,101598527.0
VNM,SP.POP.TOTL,2024,100987686.0
VNM,SP.POP.TOTL,2023,100352192.0
VNM,SP.POP.TOTL,2022,99680655.0
VNM,SP.POP.TOTL,2021,98935098.0
VNM,SP.POP.TOTL,2020,98079191.0
VNM,SP.POP.TOTL,2019,97173776.0
VNM,SP.POP.TOTL,2018,96237319.0
VNM,SP.POP.TOTL,2017,95176977.0
VNM,SP.POP.TOTL,2016,94000117.0
VNM,SP.POP.TOTL,2015,92823254.0
VNM,SP.POP.TOTL,2014,91679578.0
VNM,SP.POP.TOTL,2013,90573104.0
VNM,SP.POP.TOTL,2012,89510356.0
VNM,SP.POP.TOTL,2011,88468314.0
VNM,SP.POP.TOTL,2010,87455152.0
VNM,SP.POP.TOTL,2009,86460018.0
VNM,SP.POP.TOTL,2008,85175788.0
VNM,SP.POP.TOTL,2007,83633375.0
VNM,SP.POP.TOTL,2006,82167897.0
VNM,SP.POP.TOTL,2005,81088313.0
VNM,SP.POP.TOTL,2004,80338971.0
VNM,SP.POP.TOTL,2003,79563777.0
VNM,SP.POP.TOTL,2002,78772224.0
VNM,SP.POP.TOTL,2001,77969361.0
VNM,SP.POP.TOTL,2000,77154011.0
VNM,SP.POP.TOTL,1999,76287452.0
VNM,SP.POP.TOTL,1998,75299660.0
VNM,SP.POP.TOTL,1997,74226889.0
VNM,SP.POP.TOTL,1996,73156447.0
VNM,SP.POP.TOTL,1995,72049940.0
VNM,SP.POP.TOTL,1994,70854391.0
VNM,SP.POP.TOTL,1993,69586384.0
VNM,SP.POP.TOTL,1992,68260337.0
VNM,SP.POP.TOTL,1991,66891775.0
VNM,SP.POP.TOTL,1990,65504552.0
VNM,SP.POP.TOTL,1989,64147348.0
VNM,SP.POP.TOTL,1988,62843228.0
VNM,SP.POP.TOTL,1987,61584651.0
VNM,SP.POP.TOTL,1986,60347048.0
VNM,SP.POP.TOTL,1985,59060622.0
VNM,SP.POP.TOTL,1984,57706067.0
VNM,SP.POP.TOTL,1983,56337921.0
VNM,SP.POP.TOTL,1982,55011289.0
VNM,SP.POP.TOTL,1981,53738141.0
VNM,SP.POP.TOTL,1980,52490101.0
VNM,SP.POP.TOTL,1979,51378211.0
VNM,SP.POP.TOTL,1978,50249552.0
VNM,SP.POP.TOTL,1977,48954872.0
VNM,SP.POP.TOTL,1976,47684931.0
VNM,SP.POP.TOTL,1975,46482903.0
VNM,SP.POP.TOTL,1974,45413537.0
VNM,SP.POP.TOTL,1973,44409861.0
VNM,SP.POP.TOTL,1972,43429168.0
VNM,SP.POP.TOTL,1971,42449276.0
VNM,SP.POP.TOTL,1970,41475230.0
VNM,SP.POP.TOTL,1969,40582096.0
VNM,SP.POP.TOTL,1968,39734609.0
VNM,SP.POP.TOTL,1967,38895080.0
VNM,SP.POP.TOTL,1966,38024836.0
VNM,SP.POP.TOTL,1965,37129656.0
VNM,SP.POP.TOTL,1964,36201563.0
VNM,SP.POP.TOTL,1963,35249101.0
VNM,SP.POP.TOTL,1962,34288560.0
VNM,SP.POP.TOTL,1961,33409059.0
VNM,SP.POP.TOTL,1960,32531933.0
VNM,FP.CPI.TOTL.ZG,2025,3.3099931421974
VNM,FP.CPI.TOTL.ZG,2024,3.62109273885844
VNM,FP.CPI.TOTL.ZG,2023,3.25289282667662
VNM,FP.CPI.TOTL.ZG,2022,3.15650749963112
VNM,FP.CPI.TOTL.ZG,2021,1.83471554810462
VNM,FP.CPI.TOTL.ZG,2020,3.22093436652515
VNM,FP.CPI.TOTL.ZG,2019,2.79582367452244
VNM,FP.CPI.TOTL.ZG,2018,3.53962805942641
VNM,FP.CPI.TOTL.ZG,2017,3.52025688811618
VNM,FP.CPI.TOTL.ZG,2016,2.66824816969082
VNM,FP.CPI.TOTL.ZG,2015,0.631200905175685
VNM,FP.CPI.TOTL.ZG,2014,4.08455446637625
VNM,FP.CPI.TOTL.ZG,2013,6.59267475899192
VNM,FP.CPI.TOTL.ZG,2012,9.09470339557193
VNM,FP.CPI.TOTL.ZG,2011,18.6777322770706
VNM,FP.CPI.TOTL.ZG,2010,9.20746648778413
VNM,FP.CPI.TOTL.ZG,2009,6.71698269988631
VNM,FP.CPI.TOTL.ZG,2008,23.1154483474477
VNM,FP.CPI.TOTL.ZG,2007,8.34444889773847
VNM,FP.CPI.TOTL.ZG,2006,7.41801715108469
VNM,FP.CPI.TOTL.ZG,2005,8.28457243128667
VNM,FP.CPI.TOTL.ZG,2004,7.75494748709606
VNM,FP.CPI.TOTL.ZG,2003,3.23464817293925
VNM,FP.CPI.TOTL.ZG,2002,3.83082838168468
VNM,FP.CPI.TOTL.ZG,2001,-0.43154451172818
VNM,FP.CPI.TOTL.ZG,2000,-1.71033727851111
VNM,FP.CPI.TOTL.ZG,1999,4.11710235771736
VNM,FP.CPI.TOTL.ZG,1998,7.26619804400963
VNM,FP.CPI.TOTL.ZG,1997,3.20952606261375
VNM,FP.CPI.TOTL.ZG,1996,5.67499999999992
VNM,SL.UEM.TOTL.ZS,2025,1.523
VNM,SL.UEM.TOTL.ZS,2024,1.602
VNM,SL.UEM.TOTL.ZS,2023,1.645
VNM,SL.UEM.TOTL.ZS,2022,1.57
VNM,SL.UEM.TOTL.ZS,2021,2.383
VNM,SL.UEM.TOTL.ZS,2020,2.103
VNM,SL.UEM.TOTL.ZS,2019,1.681
VNM,SL.UEM.TOTL.ZS,2018,1.161
VNM,SL.UEM.TOTL.ZS,2017,1.874
VNM,SL.UEM.TOTL.ZS,2016,1.848
VNM,SL.UEM.TOTL.ZS,2015,1.848
VNM,SL.UEM.TOTL.ZS,2014,1.256
VNM,SL.UEM.TOTL.ZS,2013,1.316
VNM,SL.UEM.TOTL.ZS,2012,1.027
VNM,SL.UEM.TOTL.ZS,2011,0.999
VNM,SL.UEM.TOTL.ZS,2010,1.114
VNM,SL.UEM.TOTL.ZS,2009,1.737
VNM,SL.UEM.TOTL.ZS,2008,1.889
VNM,SL.UEM.TOTL.ZS,2007,2.026
VNM,SL.UEM.TOTL.ZS,2006,2.046
VNM,SL.UEM.TOTL.ZS,2005,2.078
VNM,SL.UEM.TOTL.ZS,2004,2.14
VNM,SL.UEM.TOTL.ZS,2003,2.25
VNM,SL.UEM.TOTL.ZS,2002,2.12
VNM,SL.UEM.TOTL.ZS,2001,2.76
VNM,SL.UEM.TOTL.ZS,2000,2.26
VNM,SL.UEM.TOTL.ZS,1999,2.33
VNM,SL.UEM.TOTL.ZS,1998,2.29
VNM,SL.UEM.TOTL.ZS,1997,2.87
VNM,SL.UEM.TOTL.ZS,1996,1.93
VNM,SL.UEM.TOTL.ZS,1995,1.955
VNM,SL.UEM.TOTL.ZS,1994,1.972
VNM,SL.UEM.TOTL.ZS,1993,2.037
VNM,SL.UEM.TOTL.ZS,1992,2.109
VNM,SL.UEM.TOTL.ZS,1991,2.14
VNM,IT.NET.USER.ZS,2024,84.15
VNM,IT.NET.USER.ZS,2023,78.08
VNM,IT.NET.USER.ZS,2022,78.58999918
VNM,IT.NET.USER.ZS,2021,74.20999985
VNM,IT.NET.USER.ZS,2020,70.30000012
VNM,IT.NET.USER.ZS,2019,68.6615802057338
VNM,IT.NET.USER.ZS,2018,69.8479286837965
VNM,IT.NET.USER.ZS,2017,58.1400000036297
VNM,IT.NET.USER.ZS,2016,53.0
VNM,IT.NET.USER.ZS,2015,45.0
VNM,IT.NET.USER.ZS,2014,41.0
VNM,IT.NET.USER.ZS,2013,38.5
VNM,IT.NET.USER.ZS,2012,36.79999924
VNM,IT.NET.USER.ZS,2011,35.07
VNM,IT.NET.USER.ZS,2010,30.65
VNM,IT.NET.USER.ZS,2009,26.55
VNM,IT.NET.USER.ZS,2008,23.92
VNM,IT.NET.USER.ZS,2007,20.7554447679753
VNM,IT.NET.USER.ZS,2006,17.2545617186662
VNM,IT.NET.USER.ZS,2005,12.7399292907031
VNM,IT.NET.USER.ZS,2004,7.64240852842363
VNM,IT.NET.USER.ZS,2003,3.78028081370641
VNM,IT.NET.USER.ZS,2002,1.85499923592581
VNM,IT.NET.USER.ZS,2001,1.26565123612317
VNM,IT.NET.USER.ZS,2000,0.254248275754934
VNM,IT.NET.USER.ZS,1999,0.129
VNM,IT.NET.USER.ZS,1998,0.0131
VNM,IT.NET.USER.ZS,1997,0.00398
VNM,IT.NET.USER.ZS,1996,0.000135
VNM,IT.NET.USER.ZS,1990,0.0
VNM,EG.ELC.ACCS.ZS,2024,100.0
VNM,EG.ELC.ACCS.ZS,2023,99.8
VNM,EG.ELC.ACCS.ZS,2022,100.0
VNM,EG.ELC.ACCS.ZS,2021,100.0
VNM,EG.ELC.ACCS.ZS,2020,99.8
VNM,EG.ELC.ACCS.ZS,2019,99.4
VNM,EG.ELC.ACCS.ZS,2018,100.0
VNM,EG.ELC.ACCS.ZS,2017,100.0
VNM,EG.ELC.ACCS.ZS,2016,99.2
VNM,EG.ELC.ACCS.ZS,2015,99.3
VNM,EG.ELC.ACCS.ZS,2014,99.2
VNM,EG.ELC.ACCS.ZS,2013,98.5
VNM,EG.ELC.ACCS.ZS,2012,97.9
VNM,EG.ELC.ACCS.ZS,2011,99.0
VNM,EG.ELC.ACCS.ZS,2010,97.4
VNM,EG.ELC.ACCS.ZS,2009,96.1
VNM,EG.ELC.ACCS.ZS,2008,93.8
VNM,EG.ELC.ACCS.ZS,2007,93.1
VNM,EG.ELC.ACCS.ZS,2006,96.0
VNM,EG.ELC.ACCS.ZS,2005,96.1
VNM,EG.ELC.ACCS.ZS,2004,91.0
VNM,EG.ELC.ACCS.ZS,2003,90.3
VNM,EG.ELC.ACCS.ZS,2002,89.1
VNM,EG.ELC.ACCS.ZS,2001,88.9
VNM,EG.ELC.ACCS.ZS,2000,88.2
VNM,EG.ELC.ACCS.ZS,1999,86.9944381713867
VNM,EG.ELC.ACCS.ZS,1998,86.1759872436523
VNM,EG.ELC.ACCS.ZS,1997,78.4
VNM,IT.NET.BBND.P2,2024,23.711259212336
VNM,IT.NET.BBND.P2,2023,22.6806675035061
VNM,IT.NET.BBND.P2,2022,21.3681380805533
VNM,IT.NET.BBND.P2,2021,19.5362327330994
VNM,IT.NET.BBND.P2,2020,17.0262915402718
VNM,IT.NET.BBND.P2,2019,15.2328957557438
VNM,IT.NET.BBND.P2,2018,13.5025072757898
VNM,IT.NET.BBND.P2,2017,11.8410316814328
VNM,IT.NET.BBND.P2,2016,9.679017739946
VNM,IT.NET.BBND.P2,2015,8.24967739226207
VNM,IT.NET.BBND.P2,2014,6.54510757019409
VNM,IT.NET.BBND.P2,2013,5.68885880294
VNM,IT.NET.BBND.P2,2012,5.33498939497012
VNM,IT.NET.BBND.P2,2011,4.33850926558858
VNM,IT.NET.BBND.P2,2010,4.19566019392431
VNM,IT.NET.BBND.P2,2009,3.71753218927158
VNM,IT.NET.BBND.P2,2008,2.40555802078403
VNM,IT.NET.BBND.P2,2007,1.54736192339482
VNM,IT.NET.BBND.P2,2006,0.628674967791862
VNM,IT.NET.BBND.P2,2005,0.25900649826073
VNM,IT.NET.BBND.P2,2004,0.0656082587863865
VNM,IT.NET.BBND.P2,2003,0.0115379137921016
VNM,IT.NET.BBND.P2,2002,0.0013659637183787
VNM,FS.AST.PRVT.GD.ZS,2022,124.961478822546
VNM,FS.AST.PRVT.GD.ZS,2021,124.282898747665
VNM,FS.AST.PRVT.GD.ZS,2020,115.525349937741
VNM,FS.AST.PRVT.GD.ZS,2019,108.031900933361
VNM,FS.AST.PRVT.GD.ZS,2018,105.275984683547
VNM,FS.AST.PRVT.GD.ZS,2017,103.972032257471
VNM,FS.AST.PRVT.GD.ZS,2016,98.8589607655139
VNM,FS.AST.PRVT.GD.ZS,2015,90.399227327709
VNM,FS.AST.PRVT.GD.ZS,2014,80.0010314902415
VNM,FS.AST.PRVT.GD.ZS,2013,77.5581108210475
VNM,FS.AST.PRVT.GD.ZS,2012,75.5493913710905
VNM,FS.AST.PRVT.GD.ZS,2011,79.9430818204467
VNM,FS.AST.PRVT.GD.ZS,2010,90.3531701049882
VNM,FS.AST.PRVT.GD.ZS,2009,103.322353769645
VNM,FS.AST.PRVT.GD.ZS,2008,82.8727709652009
VNM,FS.AST.PRVT.GD.ZS,2007,85.63968738395
VNM,FS.AST.PRVT.GD.ZS,2006,65.3595423737595
VNM,FS.AST.PRVT.GD.ZS,2005,60.4667877825079
VNM,FS.AST.PRVT.GD.ZS,2004,58.7224307884587
VNM,FS.AST.PRVT.GD.ZS,2003,48.37235081336
VNM,FS.AST.PRVT.GD.ZS,2002,43.1307744856858
VNM,FS.AST.PRVT.GD.ZS,2001,39.2903936255311
VNM,FS.AST.PRVT.GD.ZS,2000,35.2590740095008
VNM,FS.AST.PRVT.GD.ZS,1999,28.186587055123
VNM,FS.AST.PRVT.GD.ZS,1998,20.1238631421789
VNM,FS.AST.PRVT.GD.ZS,1997,19.8488411245349
VNM,FS.AST.PRVT.GD.ZS,1996,18.6700359511241
VNM,FS.AST.PRVT.GD.ZS,1995,18.4846722471733
VNM,FS.AST.PRVT.GD.ZS,1993,16.5294642729826
VNM,FS.AST.PRVT.GD.ZS,1992,13.656910216046
VNM,IC.BUS.NDNS.ZS,2024,1.99943682366206
VNM,IC.BUS.NDNS.ZS,2023,2.01834455547472
VNM,IC.BUS.NDNS.ZS,2022,1.81144358153395
VNM,IC.BUS.NDNS.ZS,2021,1.40256324262775
VNM,IC.BUS.NDNS.ZS,2020,1.67039724098331
VNM,IC.BUS.NDNS.ZS,2019,1.67974902463351
VNM,IC.BUS.NDNS.ZS,2018,1.62360260337604
VNM,IC.BUS.NDNS.ZS,2017,1.56422509249009
VNM,IC.BUS.NDNS.ZS,2016,1.34164432116009
VNM,IC.BUS.NDNS.ZS,2015,1.14330533215942
VNM,IC.BUS.NDNS.ZS,2014,0.89027090505136
VNM,IC.BUS.NDNS.ZS,2013,0.89039627767917
VNM,IC.BUS.NDNS.ZS,2012,0.821198656284891
VNM,IC.BUS.NDNS.ZS,2011,0.887733231008498
VNM,NE.TRD.GNFS.ZS,2025,190.336808817292
VNM,NE.TRD.GNFS.ZS,2024,173.885260216071
VNM,NE.TRD.GNFS.ZS,2023,164.995585455876
VNM,NE.TRD.GNFS.ZS,2022,183.153619147836
VNM,NE.TRD.GNFS.ZS,2021,186.675832836814
VNM,NE.TRD.GNFS.ZS,2020,163.245862814935
VNM,NE.TRD.GNFS.ZS,2019,164.704215031408
VNM,NE.TRD.GNFS.ZS,2018,164.663936775893
VNM,NE.TRD.GNFS.ZS,2017,160.98008365887
VNM,NE.TRD.GNFS.ZS,2016,145.409507973118
VNM,NE.TRD.GNFS.ZS,2015,144.914228195237
VNM,NE.TRD.GNFS.ZS,2014,135.410521454361
VNM,NE.TRD.GNFS.ZS,2013,130.846354866743
VNM,NE.TRD.GNFS.ZS,2012,123.224116745985
VNM,NE.TRD.GNFS.ZS,2011,125.260577940829
VNM,NE.TRD.GNFS.ZS,2010,113.977687539714
VNM,NE.TRD.GNFS.ZS,2009,134.706317721758
VNM,NE.TRD.GNFS.ZS,2008,154.317479627758
VNM,NE.TRD.GNFS.ZS,2007,154.605383996554
VNM,NE.TRD.GNFS.ZS,2006,138.313621869598
VNM,NE.TRD.GNFS.ZS,2005,130.714846045026
VNM,NE.TRD.GNFS.ZS,2004,133.016497868747
VNM,NE.TRD.GNFS.ZS,2003,124.327954439125
VNM,NE.TRD.GNFS.ZS,2002,116.696868652499
VNM,NE.TRD.GNFS.ZS,2001,111.955937998525
VNM,NE.TRD.GNFS.ZS,2000,111.417094419512
VNM,NE.TRD.GNFS.ZS,1999,102.787406603958
VNM,NE.TRD.GNFS.ZS,1998,97.0012485118429
VNM,NE.TRD.GNFS.ZS,1997,94.3444840684516
VNM,NE.TRD.GNFS.ZS,1996,92.7057468018939
VNM,NE.TRD.GNFS.ZS,1995,74.7212659206088
VNM,NE.TRD.GNFS.ZS,1994,77.4731979426888
VNM,NE.TRD.GNFS.ZS,1993,66.2122671512498
VNM,NE.TRD.GNFS.ZS,1992,73.5768851264792
VNM,NE.TRD.GNFS.ZS,1991,66.9469523941752
VNM,NE.TRD.GNFS.ZS,1990,81.315697940889
VNM,NE.TRD.GNFS.ZS,1989,57.9044621549852
VNM,NE.TRD.GNFS.ZS,1988,18.9504870869001
VNM,NE.TRD.GNFS.ZS,1987,20.7986065749129
VNM,NE.TRD.GNFS.ZS,1986,23.2186943238731
VNM,BX.KLT.DINV.WD.GD.ZS,2024,4.23450755062236
VNM,BX.KLT.DINV.WD.GD.ZS,2023,4.26458856546888
VNM,BX.KLT.DINV.WD.GD.ZS,2022,4.32947308910883
VNM,BX.KLT.DINV.WD.GD.ZS,2021,4.27314566190187
VNM,BX.KLT.DINV.WD.GD.ZS,2020,4.55836196782424
VNM,BX.KLT.DINV.WD.GD.ZS,2019,4.821074861051
VNM,BX.KLT.DINV.WD.GD.ZS,2018,4.99828319622328
VNM,BX.KLT.DINV.WD.GD.ZS,2017,5.01148721749681
VNM,BX.KLT.DINV.WD.GD.ZS,2016,4.90089302916746
VNM,BX.KLT.DINV.WD.GD.ZS,2015,4.93190773329022
VNM,BX.KLT.DINV.WD.GD.ZS,2014,3.94086189051961
VNM,BX.KLT.DINV.WD.GD.ZS,2013,4.16454517277325
VNM,BX.KLT.DINV.WD.GD.ZS,2012,4.27832287681174
VNM,BX.KLT.DINV.WD.GD.ZS,2011,4.30487434902161
VNM,BX.KLT.DINV.WD.GD.ZS,2010,5.4347392933443
VNM,BX.KLT.DINV.WD.GD.ZS,2009,7.16881988884276
VNM,BX.KLT.DINV.WD.GD.ZS,2008,9.6630390545572
VNM,BX.KLT.DINV.WD.GD.ZS,2007,8.65471771434805
VNM,BX.KLT.DINV.WD.GD.ZS,2006,3.61600090432522
VNM,BX.KLT.DINV.WD.GD.ZS,2005,3.39040363930871
VNM,BX.KLT.DINV.WD.GD.ZS,2004,3.54408107288199
VNM,BX.KLT.DINV.WD.GD.ZS,2003,3.66601229989583
VNM,BX.KLT.DINV.WD.GD.ZS,2002,3.99268705133996
VNM,BX.KLT.DINV.WD.GD.ZS,2001,3.97733545270572
VNM,BX.KLT.DINV.WD.GD.ZS,2000,4.16392407955693
VNM,BX.KLT.DINV.WD.GD.ZS,1999,4.92266345680124
VNM,BX.KLT.DINV.WD.GD.ZS,1998,6.14121440264586
VNM,BX.KLT.DINV.WD.GD.ZS,1997,8.2700967582097
VNM,BX.KLT.DINV.WD.GD.ZS,1996,9.71308063712156
VNM,BX.KLT.DINV.WD.GD.ZS,1995,8.58596585460392
VNM,BX.KLT.DINV.WD.GD.ZS,1994,11.9394828586715
VNM,BX.KLT.DINV.WD.GD.ZS,1993,7.02759252660212
VNM,BX.KLT.DINV.WD.GD.ZS,1992,4.80334781572863
VNM,BX.KLT.DINV.WD.GD.ZS,1991,3.90279682064747
VNM,BX.KLT.DINV.WD.GD.ZS,1990,2.78132276010011
VNM,BX.KLT.DINV.WD.GD.ZS,1989,0.0646719015911437
VNM,BX.KLT.DINV.WD.GD.ZS,1988,0.030207899995773
VNM,BX.KLT.DINV.WD.GD.ZS,1987,0.0282712448214878
VNM,BX.KLT.DINV.WD.GD.ZS,1986,0.00015187979966611
VNM,BX.KLT.DINV.WD.GD.ZS,1985,-0.000567589726125444
THA,NY.GDP.MKTP.KD.ZG,2025,2.44247444990198
THA,NY.GDP.MKTP.KD.ZG,2024,2.94859986593323
THA,NY.GDP.MKTP.KD.ZG,2023,2.24883437970568
THA,NY.GDP.MKTP.KD.ZG,2022,2.63784213566305
THA,NY.GDP.MKTP.KD.ZG,2021,1.55858232076893
THA,NY.GDP.MKTP.KD.ZG,2020,-6.09306312966953
THA,NY.GDP.MKTP.KD.ZG,2019,2.11455779628278
THA,NY.GDP.MKTP.KD.ZG,2018,4.22287028746071
THA,NY.GDP.MKTP.KD.ZG,2017,4.1776810321001
THA,NY.GDP.MKTP.KD.ZG,2016,3.43515771692182
THA,NY.GDP.MKTP.KD.ZG,2015,3.13404724911635
THA,NY.GDP.MKTP.KD.ZG,2014,0.984468863619426
THA,NY.GDP.MKTP.KD.ZG,2013,2.68749556320556
THA,NY.GDP.MKTP.KD.ZG,2012,7.24279620249642
THA,NY.GDP.MKTP.KD.ZG,2011,0.840132083053334
THA,NY.GDP.MKTP.KD.ZG,2010,7.51339053261624
THA,NY.GDP.MKTP.KD.ZG,2009,-0.690618232300579
THA,NY.GDP.MKTP.KD.ZG,2008,1.72569884866334
THA,NY.GDP.MKTP.KD.ZG,2007,5.43515169050809
THA,NY.GDP.MKTP.KD.ZG,2006,4.96781089246107
THA,NY.GDP.MKTP.KD.ZG,2005,4.18763842884337
THA,NY.GDP.MKTP.KD.ZG,2004,6.28934214285795
THA,NY.GDP.MKTP.KD.ZG,2003,7.18924330340971
THA,NY.GDP.MKTP.KD.ZG,2002,6.14903605210036
THA,NY.GDP.MKTP.KD.ZG,2001,3.44424900968372
THA,NY.GDP.MKTP.KD.ZG,2000,4.45524704335014
THA,NY.GDP.MKTP.KD.ZG,1999,4.57230775115542
THA,NY.GDP.MKTP.KD.ZG,1998,-7.63403528600102
THA,NY.GDP.MKTP.KD.ZG,1997,-2.75357515314082
THA,NY.GDP.MKTP.KD.ZG,1996,5.65194446499471
THA,NY.GDP.MKTP.KD.ZG,1995,8.12031534625378
THA,NY.GDP.MKTP.KD.ZG,1994,7.99702466720433
THA,NY.GDP.MKTP.KD.ZG,1993,8.25191591524627
THA,NY.GDP.MKTP.KD.ZG,1992,8.08338802345332
THA,NY.GDP.MKTP.KD.ZG,1991,8.5582603212423
THA,NY.GDP.MKTP.KD.ZG,1990,11.1671634446293
THA,NY.GDP.MKTP.KD.ZG,1989,12.1905059866109
THA,NY.GDP.MKTP.KD.ZG,1988,13.2881140717644
THA,NY.GDP.MKTP.KD.ZG,1987,9.5189460221079
THA,NY.GDP.MKTP.KD.ZG,1986,5.53382776724771
THA,NY.GDP.MKTP.KD.ZG,1985,4.64724035659331
THA,NY.GDP.MKTP.KD.ZG,1984,5.75243025148993
THA,NY.GDP.MKTP.KD.ZG,1983,5.58420246919084
THA,NY.GDP.MKTP.KD.ZG,1982,5.35234875066743
THA,NY.GDP.MKTP.KD.ZG,1981,5.90686776303639
THA,NY.GDP.MKTP.KD.ZG,1980,5.17354100571934
THA,NY.GDP.MKTP.KD.ZG,1979,5.37176651254237
THA,NY.GDP.MKTP.KD.ZG,1978,10.2957465349385
THA,NY.GDP.MKTP.KD.ZG,1977,9.84346323531113
THA,NY.GDP.MKTP.KD.ZG,1976,9.32681108178437
THA,NY.GDP.MKTP.KD.ZG,1975,4.97040522766497
THA,NY.GDP.MKTP.KD.ZG,1974,4.46625338575453
THA,NY.GDP.MKTP.KD.ZG,1973,10.2364330148798
THA,NY.GDP.MKTP.KD.ZG,1972,4.27850803861051
THA,NY.GDP.MKTP.KD.ZG,1971,4.89537376024299
THA,NY.GDP.MKTP.KD.ZG,1970,11.4079490662098
THA,NY.GDP.MKTP.KD.ZG,1969,6.55065988587748
THA,NY.GDP.MKTP.KD.ZG,1968,8.12227025554289
THA,NY.GDP.MKTP.KD.ZG,1967,8.61598233328198
THA,NY.GDP.MKTP.KD.ZG,1966,11.1225184946389
THA,NY.GDP.MKTP.KD.ZG,1965,8.18166153767717
THA,NY.GDP.MKTP.KD.ZG,1964,6.83099614370542
THA,NY.GDP.MKTP.KD.ZG,1963,7.99983078698784
THA,NY.GDP.MKTP.KD.ZG,1962,7.55425444784086
THA,NY.GDP.MKTP.KD.ZG,1961,5.36214630168787
THA,NY.GDP.PCAP.CD,2025,8056.56359761558
THA,NY.GDP.PCAP.CD,2024,7386.63615126055
THA,NY.GDP.PCAP.CD,2023,7210.54130832685
THA,NY.GDP.PCAP.CD,2022,6910.00995211206
THA,NY.GDP.PCAP.CD,2021,7055.18760721422
THA,NY.GDP.PCAP.CD,2020,6983.03412836245
THA,NY.GDP.PCAP.CD,2019,7605.69657797759
THA,NY.GDP.PCAP.CD,2018,7099.77650081458
THA,NY.GDP.PCAP.CD,2017,6413.09182530343
THA,NY.GDP.PCAP.CD,2016,5833.57715617098
THA,NY.GDP.PCAP.CD,2015,5688.85335397884
THA,NY.GDP.PCAP.CD,2014,5801.1978916205
THA,NY.GDP.PCAP.CD,2013,6018.08244729255
THA,NY.GDP.PCAP.CD,2012,5725.52802835463
THA,NY.GDP.PCAP.CD,2011,5373.6232832898
THA,NY.GDP.PCAP.CD,2010,4973.86288823778
THA,NY.GDP.PCAP.CD,2009,4135.43986952819
THA,NY.GDP.PCAP.CD,2008,4309.13509292986
THA,NY.GDP.PCAP.CD,2007,3918.52817434581
THA,NY.GDP.PCAP.CD,2006,3331.32043511773
THA,NY.GDP.PCAP.CD,2005,2867.70383436062
THA,NY.GDP.PCAP.CD,2004,2641.56268717857
THA,NY.GDP.PCAP.CD,2003,2347.54001286066
THA,NY.GDP.PCAP.CD,2002,2089.75183111554
THA,NY.GDP.PCAP.CD,2001,1889.93432467144
THA,NY.GDP.PCAP.CD,2000,2005.97694514234
THA,NY.GDP.PCAP.CD,1999,2033.24490520569
THA,NY.GDP.PCAP.CD,1998,1847.70379269771
THA,NY.GDP.PCAP.CD,1997,2473.14096982086
THA,NY.GDP.PCAP.CD,1996,3054.65690806473
THA,NY.GDP.PCAP.CD,1995,2864.36515719866
THA,NY.GDP.PCAP.CD,1994,2517.70732641683
THA,NY.GDP.PCAP.CD,1993,2245.13688708983
THA,NY.GDP.PCAP.CD,1992,1971.60879910694
THA,NY.GDP.PCAP.CD,1991,1765.62267359529
THA,NY.GDP.PCAP.CD,1990,1559.11209344755
THA,NY.GDP.PCAP.CD,1989,1341.72978395303
THA,NY.GDP.PCAP.CD,1988,1164.20096229495
THA,NY.GDP.PCAP.CD,1987,970.452522513385
THA,NY.GDP.PCAP.CD,1986,842.098436226451
THA,NY.GDP.PCAP.CD,1985,773.823923674613
THA,NY.GDP.PCAP.CD,1984,846.934168430884
THA,NY.GDP.PCAP.CD,1983,826.932302137698
THA,NY.GDP.PCAP.CD,1982,770.398953205891
THA,NY.GDP.PCAP.CD,1981,748.156726132308
THA,NY.GDP.PCAP.CD,1980,708.729450091584
THA,NY.GDP.PCAP.CD,1979,612.08876018577
THA,NY.GDP.PCAP.CD,1978,548.233113208345
THA,NY.GDP.PCAP.CD,1977,461.659141640678
THA,NY.GDP.PCAP.CD,1976,405.408734060752
THA,NY.GDP.PCAP.CD,1975,363.526350179478
THA,NY.GDP.PCAP.CD,1974,342.978897633446
THA,NY.GDP.PCAP.CD,1973,278.285062967675
THA,NY.GDP.PCAP.CD,1972,215.582022917854
THA,NY.GDP.PCAP.CD,1971,199.662201986255
THA,NY.GDP.PCAP.CD,1970,197.097903475424
THA,NY.GDP.PCAP.CD,1969,191.438734515692
THA,NY.GDP.PCAP.CD,1968,178.839752885801
THA,NY.GDP.PCAP.CD,1967,170.666971518706
THA,NY.GDP.PCAP.CD,1966,164.533414431069
THA,NY.GDP.PCAP.CD,1965,140.899873696781
THA,NY.GDP.PCAP.CD,1964,128.642226903734
THA,NY.GDP.PCAP.CD,1963,120.658598748696
THA,NY.GDP.PCAP.CD,1962,116.179493337844
THA,NY.GDP.PCAP.CD,1961,109.728794269464
THA,NY.GDP.PCAP.CD,1960,102.814571454958
THA,SP.POP.TOTL,2025,71619863.0
THA,SP.POP.TOTL,2024,71668011.0
THA,SP.POP.TOTL,2023,71702435.0
THA,SP.POP.TOTL,2022,71735329.0
THA,SP.POP.TOTL,2021,71727332.0
THA,SP.POP.TOTL,2020,71641484.0
THA,SP.POP.TOTL,2019,71522271.0
THA,SP.POP.TOTL,2018,71376079.0
THA,SP.POP.TOTL,2017,71160187.0
THA,SP.POP.TOTL,2016,70859841.0
THA,SP.POP.TOTL,2015,70540795.0
THA,SP.POP.TOTL,2014,70216367.0
THA,SP.POP.TOTL,2013,69845114.0
THA,SP.POP.TOTL,2012,69436098.0
THA,SP.POP.TOTL,2011,69007208.0
THA,SP.POP.TOTL,2010,68579447.0
THA,SP.POP.TOTL,2009,68121080.0
THA,SP.POP.TOTL,2008,67619830.0
THA,SP.POP.TOTL,2007,67102394.0
THA,SP.POP.TOTL,2006,66567687.0
THA,SP.POP.TOTL,2005,66017420.0
THA,SP.POP.TOTL,2004,65452047.0
THA,SP.POP.TOTL,2003,64868166.0
THA,SP.POP.TOTL,2002,64266437.0
THA,SP.POP.TOTL,2001,63651141.0
THA,SP.POP.TOTL,2000,63007815.0
THA,SP.POP.TOTL,1999,62299043.0
THA,SP.POP.TOTL,1998,61522630.0
THA,SP.POP.TOTL,1997,60724584.0
THA,SP.POP.TOTL,1996,59920064.0
THA,SP.POP.TOTL,1995,59098232.0
THA,SP.POP.TOTL,1994,58260854.0
THA,SP.POP.TOTL,1993,57408198.0
THA,SP.POP.TOTL,1992,56528834.0
THA,SP.POP.TOTL,1991,55637434.0
THA,SP.POP.TOTL,1990,54738329.0
THA,SP.POP.TOTL,1989,53848956.0
THA,SP.POP.TOTL,1988,52969595.0
THA,SP.POP.TOTL,1987,52074105.0
THA,SP.POP.TOTL,1986,51177834.0
THA,SP.POP.TOTL,1985,50270753.0
THA,SP.POP.TOTL,1984,49351708.0
THA,SP.POP.TOTL,1983,48423309.0
THA,SP.POP.TOTL,1982,47494577.0
THA,SP.POP.TOTL,1981,46575855.0
THA,SP.POP.TOTL,1980,45650022.0
THA,SP.POP.TOTL,1979,44718434.0
THA,SP.POP.TOTL,1978,43788976.0
THA,SP.POP.TOTL,1977,42843974.0
THA,SP.POP.TOTL,1976,41896504.0
THA,SP.POP.TOTL,1975,40940005.0
THA,SP.POP.TOTL,1974,39952891.0
THA,SP.POP.TOTL,1973,38947787.0
THA,SP.POP.TOTL,1972,37933929.0
THA,SP.POP.TOTL,1971,36937387.0
THA,SP.POP.TOTL,1970,35954408.0
THA,SP.POP.TOTL,1969,34973782.0
THA,SP.POP.TOTL,1968,34002560.0
THA,SP.POP.TOTL,1967,33037801.0
THA,SP.POP.TOTL,1966,32086071.0
THA,SP.POP.TOTL,1965,31149337.0
THA,SP.POP.TOTL,1964,30232141.0
THA,SP.POP.TOTL,1963,29342322.0
THA,SP.POP.TOTL,1962,28481040.0
THA,SP.POP.TOTL,1961,27650334.0
THA,SP.POP.TOTL,1960,26851747.0
THA,FP.CPI.TOTL.ZG,2025,-0.133634356480207
THA,FP.CPI.TOTL.ZG,2024,0.398333333333422
THA,FP.CPI.TOTL.ZG,2023,1.22908986612448
THA,FP.CPI.TOTL.ZG,2022,6.07589952842433
THA,FP.CPI.TOTL.ZG,2021,1.23104516549814
THA,FP.CPI.TOTL.ZG,2020,-0.846087518861799
THA,FP.CPI.TOTL.ZG,2019,0.705524801910317
THA,FP.CPI.TOTL.ZG,2018,1.06683487370758
THA,FP.CPI.TOTL.ZG,2017,0.664415139830893
THA,FP.CPI.TOTL.ZG,2016,0.186235191075453
THA,FP.CPI.TOTL.ZG,2015,-0.898143410569433
THA,FP.CPI.TOTL.ZG,2014,1.89455652481545
THA,FP.CPI.TOTL.ZG,2013,2.18617704418967
THA,FP.CPI.TOTL.ZG,2012,3.00948610403357
THA,FP.CPI.TOTL.ZG,2011,3.81191694558332
THA,FP.CPI.TOTL.ZG,2010,3.24758842443725
THA,FP.CPI.TOTL.ZG,2009,-0.845716092316721
THA,FP.CPI.TOTL.ZG,2008,5.46848949649846
THA,FP.CPI.TOTL.ZG,2007,2.24154095286802
THA,FP.CPI.TOTL.ZG,2006,4.63747436011764
THA,FP.CPI.TOTL.ZG,2005,4.54036919634536
THA,FP.CPI.TOTL.ZG,2004,2.75914926231082
THA,FP.CPI.TOTL.ZG,2003,1.80434994635718
THA,FP.CPI.TOTL.ZG,2002,0.697308976625449
THA,FP.CPI.TOTL.ZG,2001,1.62690887314091
THA,FP.CPI.TOTL.ZG,2000,1.59196917460972
THA,FP.CPI.TOTL.ZG,1999,0.284726459223048
THA,FP.CPI.TOTL.ZG,1998,7.99472875027457
THA,FP.CPI.TOTL.ZG,1997,5.62579747129106
THA,FP.CPI.TOTL.ZG,1996,5.80510554737349
THA,FP.CPI.TOTL.ZG,1995,5.81818181818192
THA,FP.CPI.TOTL.ZG,1994,5.04774897680755
THA,FP.CPI.TOTL.ZG,1993,3.31219168428468
THA,FP.CPI.TOTL.ZG,1992,4.13914575077053
THA,FP.CPI.TOTL.ZG,1991,5.70985259891396
THA,FP.CPI.TOTL.ZG,1990,5.8639947437583
THA,FP.CPI.TOTL.ZG,1989,5.35546507986216
THA,FP.CPI.TOTL.ZG,1988,3.86273074733655
THA,FP.CPI.TOTL.ZG,1987,2.46646112823956
THA,FP.CPI.TOTL.ZG,1986,1.84167596806044
THA,FP.CPI.TOTL.ZG,1985,2.43173123433475
THA,FP.CPI.TOTL.ZG,1984,0.864898430279296
THA,FP.CPI.TOTL.ZG,1983,3.7265366212408
THA,FP.CPI.TOTL.ZG,1982,5.25907990316824
THA,FP.CPI.TOTL.ZG,1981,12.6629930710215
THA,FP.CPI.TOTL.ZG,1980,19.703500522778
THA,FP.CPI.TOTL.ZG,1979,9.89736596559927
THA,FP.CPI.TOTL.ZG,1978,7.92408985303782
THA,FP.CPI.TOTL.ZG,1977,7.60126687769027
THA,FP.CPI.TOTL.ZG,1976,4.14930555494793
THA,FP.CPI.TOTL.ZG,1975,5.33009708749865
THA,FP.CPI.TOTL.ZG,1974,24.3135598335014
THA,FP.CPI.TOTL.ZG,1973,15.5095497002705
THA,FP.CPI.TOTL.ZG,1972,4.83776673497443
THA,FP.CPI.TOTL.ZG,1971,0.484652665370717
THA,FP.CPI.TOTL.ZG,1970,-0.0880410855462474
THA,FP.CPI.TOTL.ZG,1969,2.45039085983105
THA,FP.CPI.TOTL.ZG,1968,1.79035960223026
THA,FP.CPI.TOTL.ZG,1967,4.30965682357123
THA,FP.CPI.TOTL.ZG,1966,4.03520425067445
THA,FP.CPI.TOTL.ZG,1965,0.166333998420151
THA,FP.CPI.TOTL.ZG,1964,-0.792079207921113
THA,FP.CPI.TOTL.ZG,1962,3.69609856262894
THA,FP.CPI.TOTL.ZG,1961,7.38699007717708
THA,FP.CPI.TOTL.ZG,1960,-0.765864332603765
THA,SL.UEM.TOTL.ZS,2025,0.781
THA,SL.UEM.TOTL.ZS,2024,0.781
THA,SL.UEM.TOTL.ZS,2023,0.733
THA,SL.UEM.TOTL.ZS,2022,0.94
THA,SL.UEM.TOTL.ZS,2021,1.215
THA,SL.UEM.TOTL.ZS,2020,1.099
THA,SL.UEM.TOTL.ZS,2019,0.716
THA,SL.UEM.TOTL.ZS,2018,0.765
THA,SL.UEM.TOTL.ZS,2017,0.83
THA,SL.UEM.TOTL.ZS,2016,0.688
THA,SL.UEM.TOTL.ZS,2015,0.597
THA,SL.UEM.TOTL.ZS,2014,0.576
THA,SL.UEM.TOTL.ZS,2013,0.249
THA,SL.UEM.TOTL.ZS,2012,0.58
THA,SL.UEM.TOTL.ZS,2011,0.66
THA,SL.UEM.TOTL.ZS,2010,0.622
THA,SL.UEM.TOTL.ZS,2009,1.49
THA,SL.UEM.TOTL.ZS,2008,1.18
THA,SL.UEM.TOTL.ZS,2007,1.18
THA,SL.UEM.TOTL.ZS,2006,1.22
THA,SL.UEM.TOTL.ZS,2005,1.35
THA,SL.UEM.TOTL.ZS,2004,1.51
THA,SL.UEM.TOTL.ZS,2003,1.54
THA,SL.UEM.TOTL.ZS,2002,1.82
THA,SL.UEM.TOTL.ZS,2001,2.6
THA,SL.UEM.TOTL.ZS,2000,2.389
THA,SL.UEM.TOTL.ZS,1999,2.968
THA,SL.UEM.TOTL.ZS,1998,3.404
THA,SL.UEM.TOTL.ZS,1997,0.873
THA,SL.UEM.TOTL.ZS,1996,1.071
THA,SL.UEM.TOTL.ZS,1995,1.1
THA,SL.UEM.TOTL.ZS,1994,1.347
THA,SL.UEM.TOTL.ZS,1993,1.49
THA,SL.UEM.TOTL.ZS,1992,1.35
THA,SL.UEM.TOTL.ZS,1991,2.63
THA,GC.DOD.TOTL.GD.ZS,2024,61.861415782411
THA,GC.DOD.TOTL.GD.ZS,2023,60.993475200655
THA,GC.DOD.TOTL.GD.ZS,2022,60.3442670368319
THA,GC.DOD.TOTL.GD.ZS,2021,58.5282063695337
THA,GC.DOD.TOTL.GD.ZS,2020,50.3415889301099
THA,GC.DOD.TOTL.GD.ZS,2019,38.6277055941279
THA,GC.DOD.TOTL.GD.ZS,2018,37.9104188436045
THA,GC.DOD.TOTL.GD.ZS,2016,37.3065204045664
THA,GC.DOD.TOTL.GD.ZS,2015,36.6705695355179
THA,GC.DOD.TOTL.GD.ZS,2014,35.3904739452699
THA,GC.DOD.TOTL.GD.ZS,2013,38.1666950570794
THA,GC.DOD.TOTL.GD.ZS,2012,28.4447160238828
THA,GC.DOD.TOTL.GD.ZS,2011,28.1319763006874
THA,GC.DOD.TOTL.GD.ZS,2010,26.9008455437265
THA,GC.DOD.TOTL.GD.ZS,2009,26.7791952036446
THA,GC.DOD.TOTL.GD.ZS,2008,22.4502172623288
THA,GC.DOD.TOTL.GD.ZS,2007,22.9934668319175
THA,GC.DOD.TOTL.GD.ZS,2006,24.3806591494652
THA,GC.DOD.TOTL.GD.ZS,2005,25.4581282780769
THA,GC.DOD.TOTL.GD.ZS,2004,24.3963998008709
THA,GC.DOD.TOTL.GD.ZS,2003,27.0460183720806
THA,GC.DOD.TOTL.GD.ZS,2002,30.0703562721572
THA,GC.DOD.TOTL.GD.ZS,2001,24.5783340358589
THA,GC.DOD.TOTL.GD.ZS,2000,21.9645865139196
THA,GC.DOD.TOTL.GD.ZS,1999,20.0057789155598
THA,GC.DOD.TOTL.GD.ZS,1998,10.6698573854214
THA,GC.DOD.TOTL.GD.ZS,1997,4.64152040948473
THA,GC.DOD.TOTL.GD.ZS,1996,3.67349745742469
THA,GC.DOD.TOTL.GD.ZS,1995,4.61009471231839
THA,GC.DOD.TOTL.GD.ZS,1994,5.69321973711674
THA,GC.DOD.TOTL.GD.ZS,1993,8.18624353670039
THA,GC.DOD.TOTL.GD.ZS,1992,10.8789951587465
THA,GC.DOD.TOTL.GD.ZS,1991,13.3655673362757
THA,GC.DOD.TOTL.GD.ZS,1990,18.4477538501483
THA,IT.NET.USER.ZS,2024,90.86718789
THA,IT.NET.USER.ZS,2023,89.53525238
THA,IT.NET.USER.ZS,2022,87.97724503
THA,IT.NET.USER.ZS,2021,85.26956666
THA,IT.NET.USER.ZS,2020,77.84374066
THA,IT.NET.USER.ZS,2019,66.6524194587528
THA,IT.NET.USER.ZS,2018,56.8174809301456
THA,IT.NET.USER.ZS,2017,52.8919293439676
THA,IT.NET.USER.ZS,2016,47.5049656215909
THA,IT.NET.USER.ZS,2015,39.3161267365004
THA,IT.NET.USER.ZS,2014,34.8860535783465
THA,IT.NET.USER.ZS,2013,28.94
THA,IT.NET.USER.ZS,2012,26.46
THA,IT.NET.USER.ZS,2011,23.669925618731
THA,IT.NET.USER.ZS,2010,22.4
THA,IT.NET.USER.ZS,2009,20.1
THA,IT.NET.USER.ZS,2008,18.2
THA,IT.NET.USER.ZS,2007,20.03
THA,IT.NET.USER.ZS,2006,17.1607147169285
THA,IT.NET.USER.ZS,2005,15.0260043588909
THA,IT.NET.USER.ZS,2004,10.6773033237281
THA,IT.NET.USER.ZS,2003,9.29902723805965
THA,IT.NET.USER.ZS,2002,7.53125033488567
THA,IT.NET.USER.ZS,2001,5.55632612097332
THA,IT.NET.USER.ZS,2000,3.68904127944164
THA,IT.NET.USER.ZS,1999,2.43
THA,IT.NET.USER.ZS,1998,1.09
THA,IT.NET.USER.ZS,1997,0.361
THA,IT.NET.USER.ZS,1996,0.115
THA,IT.NET.USER.ZS,1995,0.0748
THA,IT.NET.USER.ZS,1994,0.0386
THA,IT.NET.USER.ZS,1993,0.0136
THA,IT.NET.USER.ZS,1992,0.000344
THA,IT.NET.USER.ZS,1991,5.22e-05
THA,IT.NET.USER.ZS,1990,0.0
THA,EG.ELC.ACCS.ZS,2024,100.0
THA,EG.ELC.ACCS.ZS,2023,100.0
THA,EG.ELC.ACCS.ZS,2022,99.9
THA,EG.ELC.ACCS.ZS,2021,100.0
THA,EG.ELC.ACCS.ZS,2020,100.0
THA,EG.ELC.ACCS.ZS,2019,99.9
THA,EG.ELC.ACCS.ZS,2018,99.8
THA,EG.ELC.ACCS.ZS,2017,99.9
THA,EG.ELC.ACCS.ZS,2016,99.9
THA,EG.ELC.ACCS.ZS,2015,99.6
THA,EG.ELC.ACCS.ZS,2014,99.5
THA,EG.ELC.ACCS.ZS,2013,99.4
THA,EG.ELC.ACCS.ZS,2012,99.1
THA,EG.ELC.ACCS.ZS,2011,99.3
THA,EG.ELC.ACCS.ZS,2010,99.7
THA,EG.ELC.ACCS.ZS,2009,99.0
THA,EG.ELC.ACCS.ZS,2008,94.8
THA,EG.ELC.ACCS.ZS,2007,94.1
THA,EG.ELC.ACCS.ZS,2006,99.1
THA,EG.ELC.ACCS.ZS,2005,92.8
THA,EG.ELC.ACCS.ZS,2004,92.2
THA,EG.ELC.ACCS.ZS,2003,91.6
THA,EG.ELC.ACCS.ZS,2002,91.0
THA,EG.ELC.ACCS.ZS,2001,90.4
THA,EG.ELC.ACCS.ZS,2000,82.1
THA,IT.NET.BBND.P2,2024,14.8870491187484
THA,IT.NET.BBND.P2,2023,14.5089451983046
THA,IT.NET.BBND.P2,2022,17.5125815621477
THA,IT.NET.BBND.P2,2021,17.3168855632327
THA,IT.NET.BBND.P2,2020,16.021813562656
THA,IT.NET.BBND.P2,2019,14.1338059581469
THA,IT.NET.BBND.P2,2018,12.8740610702362
THA,IT.NET.BBND.P2,2017,11.5345396717409
THA,IT.NET.BBND.P2,2016,10.187716904417
THA,IT.NET.BBND.P2,2015,8.83035128821556
THA,IT.NET.BBND.P2,2014,7.74748143833759
THA,IT.NET.BBND.P2,2013,7.43359084502317
THA,IT.NET.BBND.P2,2012,6.50814220580194
THA,IT.NET.BBND.P2,2011,5.64433790742555
THA,IT.NET.BBND.P2,2010,4.74172823236676
THA,IT.NET.BBND.P2,2009,3.8523728631431
THA,IT.NET.BBND.P2,2008,3.06537150418746
THA,IT.NET.BBND.P2,2007,1.92741409494272
THA,IT.NET.BBND.P2,2006,1.34231492826242
THA,IT.NET.BBND.P2,2005,0.841437002536603
THA,IT.NET.BBND.P2,2004,0.251749192809814
THA,IT.NET.BBND.P2,2003,0.0178993807224333
THA,IT.NET.BBND.P2,2001,0.00253412582187647
THA,FS.AST.PRVT.GD.ZS,2025,143.08365214331
THA,FS.AST.PRVT.GD.ZS,2024,146.295079842162
THA,FS.AST.PRVT.GD.ZS,2023,153.81071706352
THA,FS.AST.PRVT.GD.ZS,2022,156.437761251145
THA,FS.AST.PRVT.GD.ZS,2021,164.142023585507
THA,FS.AST.PRVT.GD.ZS,2020,160.17075930508
THA,FS.AST.PRVT.GD.ZS,2019,143.369163383068
THA,FS.AST.PRVT.GD.ZS,2018,144.088791675771
THA,FS.AST.PRVT.GD.ZS,2017,144.640307265206
THA,FS.AST.PRVT.GD.ZS,2016,146.223949449025
THA,FS.AST.PRVT.GD.ZS,2015,149.373253475137
THA,FS.AST.PRVT.GD.ZS,2014,145.564225761056
THA,FS.AST.PRVT.GD.ZS,2013,142.363202683937
THA,FS.AST.PRVT.GD.ZS,2012,136.230998631992
THA,FS.AST.PRVT.GD.ZS,2011,130.672937960862
THA,FS.AST.PRVT.GD.ZS,2010,115.747568600026
THA,FS.AST.PRVT.GD.ZS,2009,108.983352741424
THA,FS.AST.PRVT.GD.ZS,2008,105.75976393767
THA,FS.AST.PRVT.GD.ZS,2007,106.362551068585
THA,IC.BUS.NDNS.ZS,2024,1.74887101826675
THA,IC.BUS.NDNS.ZS,2023,1.69483375727358
THA,IC.BUS.NDNS.ZS,2022,1.51305388784704
THA,IC.BUS.NDNS.ZS,2021,1.4383466351515
THA,IC.BUS.NDNS.ZS,2020,1.24638910705508
THA,IC.BUS.NDNS.ZS,2019,1.40534519905889
THA,IC.BUS.NDNS.ZS,2018,1.41742016438764
THA,IC.BUS.NDNS.ZS,2017,1.46668939877446
THA,IC.BUS.NDNS.ZS,2016,1.26925211867598
THA,IC.BUS.NDNS.ZS,2015,1.19138678872147
THA,IC.BUS.NDNS.ZS,2014,1.18193907730921
THA,IC.BUS.NDNS.ZS,2013,1.34412932081476
THA,IC.BUS.NDNS.ZS,2012,1.28380786199149
THA,IC.BUS.NDNS.ZS,2011,1.1233781826911
THA,IC.BUS.NDNS.ZS,2010,1.03869554110441
THA,IC.BUS.NDNS.ZS,2009,0.851454773303934
THA,IC.BUS.NDNS.ZS,2008,0.891952407464577
THA,IC.BUS.NDNS.ZS,2007,0.858592769211469
THA,IC.BUS.NDNS.ZS,2006,0.998752767681396
THA,NE.TRD.GNFS.ZS,2025,138.413686011523
THA,NE.TRD.GNFS.ZS,2024,135.724935837766
THA,NE.TRD.GNFS.ZS,2023,128.792359690165
THA,NE.TRD.GNFS.ZS,2022,132.813458288082
THA,NE.TRD.GNFS.ZS,2021,117.131472183199
THA,NE.TRD.GNFS.ZS,2020,97.6624419371158
THA,NE.TRD.GNFS.ZS,2019,109.689514715166
THA,NE.TRD.GNFS.ZS,2018,120.841864730984
THA,NE.TRD.GNFS.ZS,2017,120.891427433638
THA,NE.TRD.GNFS.ZS,2016,120.57522728913
THA,NE.TRD.GNFS.ZS,2015,124.839662152526
THA,NE.TRD.GNFS.ZS,2014,130.905495444398
THA,NE.TRD.GNFS.ZS,2013,132.462274174269
THA,NE.TRD.GNFS.ZS,2012,137.67493851024
THA,NE.TRD.GNFS.ZS,2011,139.675407224576
THA,NE.TRD.GNFS.ZS,2010,127.250522638251
THA,NE.TRD.GNFS.ZS,2009,119.269418854589
THA,NE.TRD.GNFS.ZS,2008,140.437011540931
THA,NE.TRD.GNFS.ZS,2007,129.873226989717
THA,NE.TRD.GNFS.ZS,2006,134.086946191268
THA,NE.TRD.GNFS.ZS,2005,137.853866832247
THA,NE.TRD.GNFS.ZS,2004,127.411873720393
THA,NE.TRD.GNFS.ZS,2003,116.692819704865
THA,NE.TRD.GNFS.ZS,2002,114.969743021067
THA,NE.TRD.GNFS.ZS,2001,120.267966273533
THA,NE.TRD.GNFS.ZS,2000,121.297955351472
THA,NE.TRD.GNFS.ZS,1999,100.706288704433
THA,NE.TRD.GNFS.ZS,1998,100.240473732828
THA,NE.TRD.GNFS.ZS,1997,95.0517906464755
THA,NE.TRD.GNFS.ZS,1996,84.2741479979753
THA,NE.TRD.GNFS.ZS,1995,89.7561749368245
THA,NE.TRD.GNFS.ZS,1994,81.2489529938277
THA,NE.TRD.GNFS.ZS,1993,77.7461171174097
THA,NE.TRD.GNFS.ZS,1992,77.9546456926093
THA,NE.TRD.GNFS.ZS,1991,78.4711349774175
THA,NE.TRD.GNFS.ZS,1990,75.7823643645399
THA,NE.TRD.GNFS.ZS,1989,72.4069335208579
THA,NE.TRD.GNFS.ZS,1988,67.4134705068906
THA,NE.TRD.GNFS.ZS,1987,57.2279844893387
THA,NE.TRD.GNFS.ZS,1986,49.1708546817786
THA,NE.TRD.GNFS.ZS,1985,49.1552284474048
THA,NE.TRD.GNFS.ZS,1984,48.0692654183176
THA,NE.TRD.GNFS.ZS,1983,47.3844960424744
THA,NE.TRD.GNFS.ZS,1982,47.5483288224509
THA,NE.TRD.GNFS.ZS,1981,53.9686664567334
THA,NE.TRD.GNFS.ZS,1980,54.479065609659
THA,NE.TRD.GNFS.ZS,1979,51.8679561735627
THA,NE.TRD.GNFS.ZS,1978,43.9989747661043
THA,NE.TRD.GNFS.ZS,1977,45.3360586481119
THA,NE.TRD.GNFS.ZS,1976,42.940259009098
THA,NE.TRD.GNFS.ZS,1975,41.3379512150811
THA,NE.TRD.GNFS.ZS,1974,45.5447697785706
THA,NE.TRD.GNFS.ZS,1973,38.6492576656576
THA,NE.TRD.GNFS.ZS,1972,37.3733101033821
THA,NE.TRD.GNFS.ZS,1971,34.8018251799158
THA,NE.TRD.GNFS.ZS,1970,34.4023067652724
THA,NE.TRD.GNFS.ZS,1969,36.1223008144778
THA,NE.TRD.GNFS.ZS,1968,37.6202723383726
THA,NE.TRD.GNFS.ZS,1967,38.3731248017245
THA,NE.TRD.GNFS.ZS,1966,35.5602502954225
THA,NE.TRD.GNFS.ZS,1965,34.9162381792472
THA,NE.TRD.GNFS.ZS,1964,36.1300406932523
THA,NE.TRD.GNFS.ZS,1963,33.5093396300662
THA,NE.TRD.GNFS.ZS,1962,33.3361802438981
THA,NE.TRD.GNFS.ZS,1961,34.4455713581831
THA,NE.TRD.GNFS.ZS,1960,33.5598583586213
THA,BX.KLT.DINV.WD.GD.ZS,2025,3.26524902878263
THA,BX.KLT.DINV.WD.GD.ZS,2024,2.70165281834265
THA,BX.KLT.DINV.WD.GD.ZS,2023,1.9975474592024
THA,BX.KLT.DINV.WD.GD.ZS,2022,2.39157096115532
THA,BX.KLT.DINV.WD.GD.ZS,2021,3.04112326260094
THA,BX.KLT.DINV.WD.GD.ZS,2020,-0.858310188764945
THA,BX.KLT.DINV.WD.GD.ZS,2019,1.01734877580041
THA,BX.KLT.DINV.WD.GD.ZS,2018,2.71279835138662
THA,BX.KLT.DINV.WD.GD.ZS,2017,1.81550260101987
THA,BX.KLT.DINV.WD.GD.ZS,2016,0.843364340718618
THA,BX.KLT.DINV.WD.GD.ZS,2015,2.22468548959784
THA,BX.KLT.DINV.WD.GD.ZS,2014,1.22145318013998
THA,BX.KLT.DINV.WD.GD.ZS,2013,3.79126450872817
THA,BX.KLT.DINV.WD.GD.ZS,2012,3.24456444314608
THA,BX.KLT.DINV.WD.GD.ZS,2011,0.667087644548593
THA,BX.KLT.DINV.WD.GD.ZS,2010,4.32320928209171
THA,BX.KLT.DINV.WD.GD.ZS,2009,2.27590224065624
THA,BX.KLT.DINV.WD.GD.ZS,2008,2.93824905393328
THA,BX.KLT.DINV.WD.GD.ZS,2007,3.28356939351343
THA,BX.KLT.DINV.WD.GD.ZS,2006,4.0212567065949
THA,BX.KLT.DINV.WD.GD.ZS,2005,4.33958708070528
THA,BX.KLT.DINV.WD.GD.ZS,2004,3.38947495269123
THA,BX.KLT.DINV.WD.GD.ZS,2003,3.43593984811892
THA,BX.KLT.DINV.WD.GD.ZS,2002,2.48815301889834
THA,BX.KLT.DINV.WD.GD.ZS,2001,4.21223509530842
THA,BX.KLT.DINV.WD.GD.ZS,2000,2.66312868727133
THA,BX.KLT.DINV.WD.GD.ZS,1999,4.81780662046842
THA,BX.KLT.DINV.WD.GD.ZS,1998,6.43480671140772
THA,BX.KLT.DINV.WD.GD.ZS,1997,2.59338342691776
THA,BX.KLT.DINV.WD.GD.ZS,1996,1.27616818910847
THA,BX.KLT.DINV.WD.GD.ZS,1995,1.22161487733782
THA,BX.KLT.DINV.WD.GD.ZS,1994,0.93155550985152
THA,BX.KLT.DINV.WD.GD.ZS,1993,1.39968290876163
THA,BX.KLT.DINV.WD.GD.ZS,1992,1.89589035115006
THA,BX.KLT.DINV.WD.GD.ZS,1991,2.05017744663305
THA,BX.KLT.DINV.WD.GD.ZS,1990,2.86320410852027
THA,BX.KLT.DINV.WD.GD.ZS,1989,2.45734389192652
THA,BX.KLT.DINV.WD.GD.ZS,1988,1.79247501276962
THA,BX.KLT.DINV.WD.GD.ZS,1987,0.696407217920047
THA,BX.KLT.DINV.WD.GD.ZS,1986,0.609103952633776
THA,BX.KLT.DINV.WD.GD.ZS,1985,0.419531294827773
THA,BX.KLT.DINV.WD.GD.ZS,1984,0.959430183811759
THA,BX.KLT.DINV.WD.GD.ZS,1983,0.873083165632029
THA,BX.KLT.DINV.WD.GD.ZS,1982,0.521644682892665
THA,BX.KLT.DINV.WD.GD.ZS,1981,0.833826176964666
THA,BX.KLT.DINV.WD.GD.ZS,1980,0.586827837216068
THA,BX.KLT.DINV.WD.GD.ZS,1979,0.201963940452572
THA,BX.KLT.DINV.WD.GD.ZS,1978,0.231824942555432
THA,BX.KLT.DINV.WD.GD.ZS,1977,0.536307303210332
THA,BX.KLT.DINV.WD.GD.ZS,1976,0.465800859621709
THA,BX.KLT.DINV.WD.GD.ZS,1975,0.575337963209701
THA,BX.KLT.DINV.WD.GD.ZS,1974,1.37406893993996
THA,BX.KLT.DINV.WD.GD.ZS,1973,0.718116752958313
THA,BX.KLT.DINV.WD.GD.ZS,1972,0.838978248167811
THA,BX.KLT.DINV.WD.GD.ZS,1971,0.526988264045019
THA,BX.KLT.DINV.WD.GD.ZS,1970,0.604002715535966
SGP,NY.GDP.MKTP.KD.ZG,2025,5.02588199508003
SGP,NY.GDP.MKTP.KD.ZG,2024,5.3435120192366
SGP,NY.GDP.MKTP.KD.ZG,2023,1.45026775889565
SGP,NY.GDP.MKTP.KD.ZG,2022,4.01027884472296
SGP,NY.GDP.MKTP.KD.ZG,2021,10.1410845197192
SGP,NY.GDP.MKTP.KD.ZG,2020,-3.61084281729929
SGP,NY.GDP.MKTP.KD.ZG,2019,1.15877947300108
SGP,NY.GDP.MKTP.KD.ZG,2018,3.18660848474074
SGP,NY.GDP.MKTP.KD.ZG,2017,4.32679370770501
SGP,NY.GDP.MKTP.KD.ZG,2016,3.91095306322606
SGP,NY.GDP.MKTP.KD.ZG,2015,2.97679931634806
SGP,NY.GDP.MKTP.KD.ZG,2014,3.93554027709007
SGP,NY.GDP.MKTP.KD.ZG,2013,4.81763099120676
SGP,NY.GDP.MKTP.KD.ZG,2012,4.43549759378537
SGP,NY.GDP.MKTP.KD.ZG,2011,6.21493416858989
SGP,NY.GDP.MKTP.KD.ZG,2010,14.5197497108994
SGP,NY.GDP.MKTP.KD.ZG,2009,0.127953382778088
SGP,NY.GDP.MKTP.KD.ZG,2008,1.86348345462035
SGP,NY.GDP.MKTP.KD.ZG,2007,9.02151951268893
SGP,NY.GDP.MKTP.KD.ZG,2006,9.00676607871758
SGP,NY.GDP.MKTP.KD.ZG,2005,7.36632239250758
SGP,NY.GDP.MKTP.KD.ZG,2004,9.93998268434957
SGP,NY.GDP.MKTP.KD.ZG,2003,4.54825542643229
SGP,NY.GDP.MKTP.KD.ZG,2002,3.92336076702013
SGP,NY.GDP.MKTP.KD.ZG,2001,-1.07086275100448
SGP,NY.GDP.MKTP.KD.ZG,2000,9.03831632555163
SGP,NY.GDP.MKTP.KD.ZG,1999,5.71837175710837
SGP,NY.GDP.MKTP.KD.ZG,1998,-2.19101500611274
SGP,NY.GDP.MKTP.KD.ZG,1997,8.31620911124497
SGP,NY.GDP.MKTP.KD.ZG,1996,7.47139086002002
SGP,NY.GDP.MKTP.KD.ZG,1995,7.17540112091071
SGP,NY.GDP.MKTP.KD.ZG,1994,11.0956893100227
SGP,NY.GDP.MKTP.KD.ZG,1993,11.459650875246
SGP,NY.GDP.MKTP.KD.ZG,1992,6.63980556949564
SGP,NY.GDP.MKTP.KD.ZG,1991,6.68839753958379
SGP,NY.GDP.MKTP.KD.ZG,1990,9.82089955731777
SGP,NY.GDP.MKTP.KD.ZG,1989,10.1588286387889
SGP,NY.GDP.MKTP.KD.ZG,1988,11.26359213382
SGP,NY.GDP.MKTP.KD.ZG,1987,10.7979324702819
SGP,NY.GDP.MKTP.KD.ZG,1986,1.34281041445436
SGP,NY.GDP.MKTP.KD.ZG,1985,-0.622701650113157
SGP,NY.GDP.MKTP.KD.ZG,1984,8.79228623912256
SGP,NY.GDP.MKTP.KD.ZG,1983,8.55448210614414
SGP,NY.GDP.MKTP.KD.ZG,1982,7.10214484891354
SGP,NY.GDP.MKTP.KD.ZG,1981,10.8159232986752
SGP,NY.GDP.MKTP.KD.ZG,1980,10.1133721068475
SGP,NY.GDP.MKTP.KD.ZG,1979,9.55444873972347
SGP,NY.GDP.MKTP.KD.ZG,1978,7.77718195422017
SGP,NY.GDP.MKTP.KD.ZG,1977,6.85244239382494
SGP,NY.GDP.MKTP.KD.ZG,1976,7.43716681814959
SGP,NY.GDP.MKTP.KD.ZG,1975,3.98873862550901
SGP,NY.GDP.MKTP.KD.ZG,1974,6.11740437109883
SGP,NY.GDP.MKTP.KD.ZG,1973,10.6030030171787
SGP,NY.GDP.MKTP.KD.ZG,1972,13.3155626083739
SGP,NY.GDP.MKTP.KD.ZG,1971,12.4134371586342
SGP,NY.GDP.MKTP.KD.ZG,1970,13.9420030031916
SGP,NY.GDP.MKTP.KD.ZG,1969,13.8338251160131
SGP,NY.GDP.MKTP.KD.ZG,1968,13.5269942226387
SGP,NY.GDP.MKTP.KD.ZG,1967,12.508612746034
SGP,NY.GDP.MKTP.KD.ZG,1966,10.180095306912
SGP,NY.GDP.MKTP.KD.ZG,1965,7.83426046474929
SGP,NY.GDP.MKTP.KD.ZG,1964,-3.10316815597076
SGP,NY.GDP.MKTP.KD.ZG,1963,10.0401733131415
SGP,NY.GDP.MKTP.KD.ZG,1962,7.55344418052258
SGP,NY.GDP.MKTP.KD.ZG,1961,8.13752950817668
SGP,NY.GDP.PCAP.CD,2025,98813.9788172877
SGP,NY.GDP.PCAP.CD,2024,94896.5621495988
SGP,NY.GDP.PCAP.CD,2023,86382.5900499252
SGP,NY.GDP.PCAP.CD,2022,91227.6970426492
SGP,NY.GDP.PCAP.CD,2021,80884.8565369236
SGP,NY.GDP.PCAP.CD,2020,61772.5036492256
SGP,NY.GDP.PCAP.CD,2019,66068.7003106378
SGP,NY.GDP.PCAP.CD,2018,67032.8225769734
SGP,NY.GDP.PCAP.CD,2017,61436.1325502558
SGP,NY.GDP.PCAP.CD,2016,57204.0340105222
SGP,NY.GDP.PCAP.CD,2015,55645.6068614606
SGP,NY.GDP.PCAP.CD,2014,57564.8023114977
SGP,NY.GDP.PCAP.CD,2013,56967.4257940383
SGP,NY.GDP.PCAP.CD,2012,55547.5553077786
SGP,NY.GDP.PCAP.CD,2011,53891.4570264372
SGP,NY.GDP.PCAP.CD,2010,47236.683084953
SGP,NY.GDP.PCAP.CD,2009,38926.8054365453
SGP,NY.GDP.PCAP.CD,2008,40008.5720489092
SGP,NY.GDP.PCAP.CD,2007,39432.8860198877
SGP,NY.GDP.PCAP.CD,2006,33768.4528234651
SGP,NY.GDP.PCAP.CD,2005,29961.3172812732
SGP,NY.GDP.PCAP.CD,2004,27608.080013423
SGP,NY.GDP.PCAP.CD,2003,23730.3840054566
SGP,NY.GDP.PCAP.CD,2002,22159.8373710639
SGP,NY.GDP.PCAP.CD,2001,21699.7414868907
SGP,NY.GDP.PCAP.CD,2000,23852.8389514753
SGP,NY.GDP.PCAP.CD,1999,21796.6373891001
SGP,NY.GDP.PCAP.CD,1998,21829.2737831583
SGP,NY.GDP.PCAP.CD,1997,26375.8653668113
SGP,NY.GDP.PCAP.CD,1996,26232.866096827
SGP,NY.GDP.PCAP.CD,1995,24914.8507020358
SGP,NY.GDP.PCAP.CD,1994,21552.4100366948
SGP,NY.GDP.PCAP.CD,1993,18290.130113185
SGP,NY.GDP.PCAP.CD,1992,16136.2405377661
SGP,NY.GDP.PCAP.CD,1991,14502.3799938606
SGP,NY.GDP.PCAP.CD,1990,11861.7561591366
SGP,NY.GDP.PCAP.CD,1989,10394.5389962406
SGP,NY.GDP.PCAP.CD,1988,8914.44122574729
SGP,NY.GDP.PCAP.CD,1987,7539.02930212443
SGP,NY.GDP.PCAP.CD,1986,6799.93036332671
SGP,NY.GDP.PCAP.CD,1985,7001.7667477117
SGP,NY.GDP.PCAP.CD,1984,7228.31758410647
SGP,NY.GDP.PCAP.CD,1983,6633.23667366491
SGP,NY.GDP.PCAP.CD,1982,6077.63424070932
SGP,NY.GDP.PCAP.CD,1981,5596.58597723068
SGP,NY.GDP.PCAP.CD,1980,4928.13911785754
SGP,NY.GDP.PCAP.CD,1979,3900.53355310873
SGP,NY.GDP.PCAP.CD,1978,3193.90565722355
SGP,NY.GDP.PCAP.CD,1977,2846.33598832854
SGP,NY.GDP.PCAP.CD,1976,2758.94038028476
SGP,NY.GDP.PCAP.CD,1975,2489.91157517591
SGP,NY.GDP.PCAP.CD,1974,2341.70551423633
SGP,NY.GDP.PCAP.CD,1973,1685.45979632163
SGP,NY.GDP.PCAP.CD,1972,1264.37510720987
SGP,NY.GDP.PCAP.CD,1971,1071.41154035538
SGP,NY.GDP.PCAP.CD,1970,925.797864348214
SGP,NY.GDP.PCAP.CD,1969,812.677487316618
SGP,NY.GDP.PCAP.CD,1968,708.601436896422
SGP,NY.GDP.PCAP.CD,1967,626.029437593984
SGP,NY.GDP.PCAP.CD,1966,566.803974405961
SGP,NY.GDP.PCAP.CD,1965,516.531928636745
SGP,NY.GDP.PCAP.CD,1964,485.530686047381
SGP,NY.GDP.PCAP.CD,1963,511.202235371449
SGP,NY.GDP.PCAP.CD,1962,472.082740153988
SGP,NY.GDP.PCAP.CD,1961,449.148136820776
SGP,NY.GDP.PCAP.CD,1960,428.056183371291
SGP,SP.POP.TOTL,2025,6111175.0
SGP,SP.POP.TOTL,2024,6036860.0
SGP,SP.POP.TOTL,2023,5917648.0
SGP,SP.POP.TOTL,2022,5637022.0
SGP,SP.POP.TOTL,2021,5453566.0
SGP,SP.POP.TOTL,2020,5685807.0
SGP,SP.POP.TOTL,2019,5703569.0
SGP,SP.POP.TOTL,2018,5638676.0
SGP,SP.POP.TOTL,2017,5612253.0
SGP,SP.POP.TOTL,2016,5607283.0
SGP,SP.POP.TOTL,2015,5535002.0
SGP,SP.POP.TOTL,2014,5469724.0
SGP,SP.POP.TOTL,2013,5399162.0
SGP,SP.POP.TOTL,2012,5312437.0
SGP,SP.POP.TOTL,2011,5183688.0
SGP,SP.POP.TOTL,2010,5076732.0
SGP,SP.POP.TOTL,2009,4987573.0
SGP,SP.POP.TOTL,2008,4839396.0
SGP,SP.POP.TOTL,2007,4588599.0
SGP,SP.POP.TOTL,2006,4401365.0
SGP,SP.POP.TOTL,2005,4265762.0
SGP,SP.POP.TOTL,2004,4166664.0
SGP,SP.POP.TOTL,2003,4114826.0
SGP,SP.POP.TOTL,2002,4175950.0
SGP,SP.POP.TOTL,2001,4138012.0
SGP,SP.POP.TOTL,2000,4027887.0
SGP,SP.POP.TOTL,1999,3958723.0
SGP,SP.POP.TOTL,1998,3927213.0
SGP,SP.POP.TOTL,1997,3796038.0
SGP,SP.POP.TOTL,1996,3670704.0
SGP,SP.POP.TOTL,1995,3524506.0
SGP,SP.POP.TOTL,1994,3419048.0
SGP,SP.POP.TOTL,1993,3313471.0
SGP,SP.POP.TOTL,1992,3230698.0
SGP,SP.POP.TOTL,1991,3135083.0
SGP,SP.POP.TOTL,1990,3047132.0
SGP,SP.POP.TOTL,1989,2930901.0
SGP,SP.POP.TOTL,1988,2846108.0
SGP,SP.POP.TOTL,1987,2774789.0
SGP,SP.POP.TOTL,1986,2733373.0
SGP,SP.POP.TOTL,1985,2735957.0
SGP,SP.POP.TOTL,1984,2732221.0
SGP,SP.POP.TOTL,1983,2681061.0
SGP,SP.POP.TOTL,1982,2646466.0
SGP,SP.POP.TOTL,1981,2532835.0
SGP,SP.POP.TOTL,1980,2413945.0
SGP,SP.POP.TOTL,1979,2383500.0
SGP,SP.POP.TOTL,1978,2353600.0
SGP,SP.POP.TOTL,1977,2325300.0
SGP,SP.POP.TOTL,1976,2293300.0
SGP,SP.POP.TOTL,1975,2262600.0
SGP,SP.POP.TOTL,1974,2229800.0
SGP,SP.POP.TOTL,1973,2193000.0
SGP,SP.POP.TOTL,1972,2152400.0
SGP,SP.POP.TOTL,1971,2112900.0
SGP,SP.POP.TOTL,1970,2074507.0
SGP,SP.POP.TOTL,1969,2042500.0
SGP,SP.POP.TOTL,1968,2012000.0
SGP,SP.POP.TOTL,1967,1977600.0
SGP,SP.POP.TOTL,1966,1934400.0
SGP,SP.POP.TOTL,1965,1886900.0
SGP,SP.POP.TOTL,1964,1841600.0
SGP,SP.POP.TOTL,1963,1795000.0
SGP,SP.POP.TOTL,1962,1750200.0
SGP,SP.POP.TOTL,1961,1702400.0
SGP,SP.POP.TOTL,1960,1646400.0
SGP,FP.CPI.TOTL.ZG,2025,0.902998495002676
SGP,FP.CPI.TOTL.ZG,2024,2.38951123595017
SGP,FP.CPI.TOTL.ZG,2023,4.83372362825798
SGP,FP.CPI.TOTL.ZG,2022,6.13095418919732
SGP,FP.CPI.TOTL.ZG,2021,2.31610315765146
SGP,FP.CPI.TOTL.ZG,2020,-0.172111865925382
SGP,FP.CPI.TOTL.ZG,2019,0.567829988405447
SGP,FP.CPI.TOTL.ZG,2018,0.438784215129623
SGP,FP.CPI.TOTL.ZG,2017,0.576763191179996
SGP,FP.CPI.TOTL.ZG,2016,-0.529809760375464
SGP,FP.CPI.TOTL.ZG,2015,-0.521975611895763
SGP,FP.CPI.TOTL.ZG,2014,1.03316955857629
SGP,FP.CPI.TOTL.ZG,2013,2.36439793742726
SGP,FP.CPI.TOTL.ZG,2012,4.58084479423094
SGP,FP.CPI.TOTL.ZG,2011,5.25115624639373
SGP,FP.CPI.TOTL.ZG,2010,2.82884527612958
SGP,FP.CPI.TOTL.ZG,2009,0.589142019610516
SGP,FP.CPI.TOTL.ZG,2008,6.63544058395309
SGP,FP.CPI.TOTL.ZG,2007,2.10980166714574
SGP,FP.CPI.TOTL.ZG,2006,0.965657519018511
SGP,FP.CPI.TOTL.ZG,2005,0.425106276569107
SGP,FP.CPI.TOTL.ZG,2004,1.66272719863072
SGP,FP.CPI.TOTL.ZG,2003,0.507905300237551
SGP,FP.CPI.TOTL.ZG,2002,-0.391676866585049
SGP,FP.CPI.TOTL.ZG,2001,0.997197956155943
SGP,FP.CPI.TOTL.ZG,2000,1.36162392448456
SGP,FP.CPI.TOTL.ZG,1999,0.0167098337370727
SGP,FP.CPI.TOTL.ZG,1998,-0.267502292876153
SGP,FP.CPI.TOTL.ZG,1997,2.00358618538962
SGP,FP.CPI.TOTL.ZG,1996,1.38318052481876
SGP,FP.CPI.TOTL.ZG,1995,1.72053384788524
SGP,FP.CPI.TOTL.ZG,1994,3.10013262599502
SGP,FP.CPI.TOTL.ZG,1993,2.28929964388641
SGP,FP.CPI.TOTL.ZG,1992,2.26307118702851
SGP,FP.CPI.TOTL.ZG,1991,3.42570173078643
SGP,FP.CPI.TOTL.ZG,1990,3.46075338652824
SGP,FP.CPI.TOTL.ZG,1989,2.34545627195895
SGP,FP.CPI.TOTL.ZG,1988,1.52318519232634
SGP,FP.CPI.TOTL.ZG,1987,0.523306521949755
SGP,FP.CPI.TOTL.ZG,1986,-1.38570336391441
SGP,FP.CPI.TOTL.ZG,1985,0.480122911465343
SGP,FP.CPI.TOTL.ZG,1984,2.60098522167485
SGP,FP.CPI.TOTL.ZG,1983,1.19641076769694
SGP,FP.CPI.TOTL.ZG,1982,3.916286779942
SGP,FP.CPI.TOTL.ZG,1981,8.18202196816849
SGP,FP.CPI.TOTL.ZG,1980,8.52694319425856
SGP,FP.CPI.TOTL.ZG,1979,4.07646537536398
SGP,FP.CPI.TOTL.ZG,1978,4.87254381306428
SGP,FP.CPI.TOTL.ZG,1977,3.16395014381583
SGP,FP.CPI.TOTL.ZG,1976,-1.84189298198423
SGP,FP.CPI.TOTL.ZG,1975,2.53653156878947
SGP,FP.CPI.TOTL.ZG,1974,22.3684210526316
SGP,FP.CPI.TOTL.ZG,1973,19.6367305751764
SGP,FP.CPI.TOTL.ZG,1972,2.08075813761874
SGP,FP.CPI.TOTL.ZG,1971,1.76100628930819
SGP,FP.CPI.TOTL.ZG,1970,0.4633529907327
SGP,FP.CPI.TOTL.ZG,1969,-0.273051879856979
SGP,FP.CPI.TOTL.ZG,1968,0.655391120507378
SGP,FP.CPI.TOTL.ZG,1967,3.34280096132817
SGP,FP.CPI.TOTL.ZG,1966,2.00579451749496
SGP,FP.CPI.TOTL.ZG,1965,0.178611297164573
SGP,FP.CPI.TOTL.ZG,1964,1.72609584374285
SGP,FP.CPI.TOTL.ZG,1963,2.20519962859835
SGP,FP.CPI.TOTL.ZG,1962,0.419580419580285
SGP,FP.CPI.TOTL.ZG,1961,0.400000000000083
SGP,SL.UEM.TOTL.ZS,2025,2.818
SGP,SL.UEM.TOTL.ZS,2024,2.737
SGP,SL.UEM.TOTL.ZS,2023,3.444
SGP,SL.UEM.TOTL.ZS,2022,3.591
SGP,SL.UEM.TOTL.ZS,2021,4.64
SGP,SL.UEM.TOTL.ZS,2020,4.1
SGP,SL.UEM.TOTL.ZS,2019,3.1
SGP,SL.UEM.TOTL.ZS,2018,3.613
SGP,SL.UEM.TOTL.ZS,2017,4.2
SGP,SL.UEM.TOTL.ZS,2016,4.08
SGP,SL.UEM.TOTL.ZS,2015,3.79
SGP,SL.UEM.TOTL.ZS,2014,3.74
SGP,SL.UEM.TOTL.ZS,2013,3.86
SGP,SL.UEM.TOTL.ZS,2012,3.72
SGP,SL.UEM.TOTL.ZS,2011,3.89
SGP,SL.UEM.TOTL.ZS,2010,4.12
SGP,SL.UEM.TOTL.ZS,2009,5.86
SGP,SL.UEM.TOTL.ZS,2008,3.96
SGP,SL.UEM.TOTL.ZS,2007,3.9
SGP,SL.UEM.TOTL.ZS,2006,4.48
SGP,SL.UEM.TOTL.ZS,2005,5.59
SGP,SL.UEM.TOTL.ZS,2004,5.84
SGP,SL.UEM.TOTL.ZS,2003,5.93
SGP,SL.UEM.TOTL.ZS,2002,5.65
SGP,SL.UEM.TOTL.ZS,2001,3.76
SGP,SL.UEM.TOTL.ZS,2000,3.7
SGP,SL.UEM.TOTL.ZS,1999,4.85
SGP,SL.UEM.TOTL.ZS,1998,3.41
SGP,SL.UEM.TOTL.ZS,1997,2.5
SGP,SL.UEM.TOTL.ZS,1996,3.57
SGP,SL.UEM.TOTL.ZS,1995,3.3
SGP,SL.UEM.TOTL.ZS,1994,3.03
SGP,SL.UEM.TOTL.ZS,1993,3.07
SGP,SL.UEM.TOTL.ZS,1992,3.09
SGP,SL.UEM.TOTL.ZS,1991,2.18
SGP,GC.DOD.TOTL.GD.ZS,2024,167.799832036767
SGP,GC.DOD.TOTL.GD.ZS,2023,173.624161872218
SGP,GC.DOD.TOTL.GD.ZS,2022,152.534986779861
SGP,GC.DOD.TOTL.GD.ZS,2021,147.759530258993
SGP,GC.DOD.TOTL.GD.ZS,2020,150.816252807492
SGP,GC.DOD.TOTL.GD.ZS,2019,127.851935478091
SGP,GC.DOD.TOTL.GD.ZS,2018,110.440057046779
SGP,GC.DOD.TOTL.GD.ZS,2017,108.841755783324
SGP,GC.DOD.TOTL.GD.ZS,2016,108.476641908311
SGP,GC.DOD.TOTL.GD.ZS,2015,103.320839751929
SGP,GC.DOD.TOTL.GD.ZS,2014,99.6097986729595
SGP,GC.DOD.TOTL.GD.ZS,2013,99.4464888561159
SGP,GC.DOD.TOTL.GD.ZS,2012,107.828093624626
SGP,GC.DOD.TOTL.GD.ZS,2011,104.78518384861
SGP,GC.DOD.TOTL.GD.ZS,2010,101.449782417951
SGP,GC.DOD.TOTL.GD.ZS,2009,106.372468302322
SGP,GC.DOD.TOTL.GD.ZS,2008,96.4099647516113
SGP,GC.DOD.TOTL.GD.ZS,2007,77.2760743035509
SGP,GC.DOD.TOTL.GD.ZS,2006,82.8374805427534
SGP,GC.DOD.TOTL.GD.ZS,2005,94.9666937754733
SGP,GC.DOD.TOTL.GD.ZS,2004,101.779018993689
SGP,GC.DOD.TOTL.GD.ZS,2003,108.589983770079
SGP,GC.DOD.TOTL.GD.ZS,2002,106.332540928351
SGP,GC.DOD.TOTL.GD.ZS,2001,93.9363125102557
SGP,GC.DOD.TOTL.GD.ZS,2000,83.842291725532
SGP,GC.DOD.TOTL.GD.ZS,1999,87.8603784550691
SGP,GC.DOD.TOTL.GD.ZS,1998,82.599116639914
SGP,GC.DOD.TOTL.GD.ZS,1997,71.3607292667242
SGP,GC.DOD.TOTL.GD.ZS,1996,72.735334061978
SGP,GC.DOD.TOTL.GD.ZS,1995,72.7804903132088
SGP,GC.DOD.TOTL.GD.ZS,1994,70.2818345454772
SGP,GC.DOD.TOTL.GD.ZS,1993,72.8796371846888
SGP,GC.DOD.TOTL.GD.ZS,1992,81.8827558107494
SGP,GC.DOD.TOTL.GD.ZS,1991,78.97732191875
SGP,GC.DOD.TOTL.GD.ZS,1990,77.855311856756
SGP,IT.NET.USER.ZS,2024,94.37757178
SGP,IT.NET.USER.ZS,2023,94.28518987
SGP,IT.NET.USER.ZS,2022,95.95386476
SGP,IT.NET.USER.ZS,2021,96.92468156
SGP,IT.NET.USER.ZS,2020,92.00434653
SGP,IT.NET.USER.ZS,2019,88.9492526850762
SGP,IT.NET.USER.ZS,2018,88.1656360313447
SGP,IT.NET.USER.ZS,2017,84.4522678893074
SGP,IT.NET.USER.ZS,2016,84.4522678893074
SGP,IT.NET.USER.ZS,2015,79.0129570025584
SGP,IT.NET.USER.ZS,2014,79.0292358633435
SGP,IT.NET.USER.ZS,2013,80.90209961
SGP,IT.NET.USER.ZS,2012,72.0
SGP,IT.NET.USER.ZS,2011,71.0
SGP,IT.NET.USER.ZS,2010,71.0
SGP,IT.NET.USER.ZS,2009,69.0
SGP,IT.NET.USER.ZS,2008,69.0
SGP,IT.NET.USER.ZS,2007,69.9
SGP,IT.NET.USER.ZS,2006,59.0
SGP,IT.NET.USER.ZS,2005,61.0
SGP,IT.NET.USER.ZS,2004,62.0
SGP,IT.NET.USER.ZS,2003,53.8379432881911
SGP,IT.NET.USER.ZS,2002,47.0
SGP,IT.NET.USER.ZS,2001,41.6704251756041
SGP,IT.NET.USER.ZS,2000,36.0
SGP,IT.NET.USER.ZS,1999,24.2
SGP,IT.NET.USER.ZS,1998,19.6
SGP,IT.NET.USER.ZS,1997,13.5
SGP,IT.NET.USER.ZS,1996,8.35
SGP,IT.NET.USER.ZS,1995,2.87
SGP,IT.NET.USER.ZS,1994,1.19
SGP,IT.NET.USER.ZS,1993,0.763
SGP,IT.NET.USER.ZS,1992,0.471
SGP,IT.NET.USER.ZS,1991,0.162
SGP,IT.NET.USER.ZS,1990,0.0
SGP,EG.ELC.ACCS.ZS,2024,100.0
SGP,EG.ELC.ACCS.ZS,2023,100.0
SGP,EG.ELC.ACCS.ZS,2022,100.0
SGP,EG.ELC.ACCS.ZS,2021,100.0
SGP,EG.ELC.ACCS.ZS,2020,100.0
SGP,EG.ELC.ACCS.ZS,2019,100.0
SGP,EG.ELC.ACCS.ZS,2018,100.0
SGP,EG.ELC.ACCS.ZS,2017,100.0
SGP,EG.ELC.ACCS.ZS,2016,100.0
SGP,EG.ELC.ACCS.ZS,2015,100.0
SGP,EG.ELC.ACCS.ZS,2014,100.0
SGP,EG.ELC.ACCS.ZS,2013,100.0
SGP,EG.ELC.ACCS.ZS,2012,100.0
SGP,EG.ELC.ACCS.ZS,2011,100.0
SGP,EG.ELC.ACCS.ZS,2010,100.0
SGP,EG.ELC.ACCS.ZS,2009,100.0
SGP,EG.ELC.ACCS.ZS,2008,100.0
SGP,EG.ELC.ACCS.ZS,2007,100.0
SGP,EG.ELC.ACCS.ZS,2006,100.0
SGP,EG.ELC.ACCS.ZS,2005,100.0
SGP,EG.ELC.ACCS.ZS,2004,100.0
SGP,EG.ELC.ACCS.ZS,2003,100.0
SGP,EG.ELC.ACCS.ZS,2002,100.0
SGP,EG.ELC.ACCS.ZS,2001,100.0
SGP,EG.ELC.ACCS.ZS,2000,100.0
SGP,EG.ELC.ACCS.ZS,1999,100.0
SGP,EG.ELC.ACCS.ZS,1998,100.0
SGP,EG.ELC.ACCS.ZS,1997,100.0
SGP,EG.ELC.ACCS.ZS,1996,100.0
SGP,EG.ELC.ACCS.ZS,1995,100.0
SGP,EG.ELC.ACCS.ZS,1994,100.0
SGP,EG.ELC.ACCS.ZS,1993,100.0
SGP,EG.ELC.ACCS.ZS,1992,100.0
SGP,EG.ELC.ACCS.ZS,1991,100.0
SGP,EG.ELC.ACCS.ZS,1990,100.0
SGP,IT.NET.BBND.P2,2024,27.813655026664
SGP,IT.NET.BBND.P2,2023,27.4343636046425
SGP,IT.NET.BBND.P2,2022,27.5510032505086
SGP,IT.NET.BBND.P2,2021,27.5210996900631
SGP,IT.NET.BBND.P2,2020,26.8622723592787
SGP,IT.NET.BBND.P2,2019,26.5276177370284
SGP,IT.NET.BBND.P2,2018,26.50873593831
SGP,IT.NET.BBND.P2,2017,26.3326099315534
SGP,IT.NET.BBND.P2,2016,28.5392609803278
SGP,IT.NET.BBND.P2,2015,26.8978922564041
SGP,IT.NET.BBND.P2,2014,27.0067241979516
SGP,IT.NET.BBND.P2,2013,27.7295626772787
SGP,IT.NET.BBND.P2,2012,27.0679759849169
SGP,IT.NET.BBND.P2,2011,27.1735826927318
SGP,IT.NET.BBND.P2,2010,26.3619521238271
SGP,IT.NET.BBND.P2,2009,24.8260665849798
SGP,IT.NET.BBND.P2,2008,22.2853696506635
SGP,IT.NET.BBND.P2,2007,20.145697338092
SGP,IT.NET.BBND.P2,2006,17.8781400199407
SGP,IT.NET.BBND.P2,2005,15.3735717010077
SGP,IT.NET.BBND.P2,2004,13.0656708126766
SGP,IT.NET.BBND.P2,2003,10.0791519110154
SGP,IT.NET.BBND.P2,2002,6.51090021153191
SGP,IT.NET.BBND.P2,2001,3.66846235064378
SGP,IT.NET.BBND.P2,2000,1.70993334977182
SGP,IT.NET.BBND.P2,1999,0.756337923
SGP,IT.NET.BBND.P2,1998,0.258645752
SGP,FS.AST.PRVT.GD.ZS,2020,128.43285830434
SGP,FS.AST.PRVT.GD.ZS,2019,119.256588972207
SGP,FS.AST.PRVT.GD.ZS,2018,117.439858431353
SGP,FS.AST.PRVT.GD.ZS,2017,120.442638051885
SGP,FS.AST.PRVT.GD.ZS,2016,123.054693783234
SGP,FS.AST.PRVT.GD.ZS,2015,122.421353845761
SGP,FS.AST.PRVT.GD.ZS,2014,128.129763309946
SGP,FS.AST.PRVT.GD.ZS,2013,124.065951568619
SGP,FS.AST.PRVT.GD.ZS,2012,112.973543165736
SGP,FS.AST.PRVT.GD.ZS,2011,104.703673841577
SGP,FS.AST.PRVT.GD.ZS,2010,94.8584026979012
SGP,FS.AST.PRVT.GD.ZS,2009,96.8613765494725
SGP,FS.AST.PRVT.GD.ZS,2008,97.8643623312414
SGP,FS.AST.PRVT.GD.ZS,2007,85.3517596047783
SGP,FS.AST.PRVT.GD.ZS,2006,84.2870559979133
SGP,FS.AST.PRVT.GD.ZS,2005,89.2233561956159
SGP,FS.AST.PRVT.GD.ZS,2004,95.7289657619849
SGP,FS.AST.PRVT.GD.ZS,2003,104.782800634148
SGP,FS.AST.PRVT.GD.ZS,2002,102.024223572871
SGP,FS.AST.PRVT.GD.ZS,2001,115.023967340769
SGP,FS.AST.PRVT.GD.ZS,2000,96.0524631654193
SGP,FS.AST.PRVT.GD.ZS,1999,102.707304148647
SGP,FS.AST.PRVT.GD.ZS,1998,107.93107365818
SGP,FS.AST.PRVT.GD.ZS,1997,96.470304928416
SGP,FS.AST.PRVT.GD.ZS,1996,93.7418064299455
SGP,FS.AST.PRVT.GD.ZS,1995,88.2934969585412
SGP,FS.AST.PRVT.GD.ZS,1994,81.1902405393255
SGP,FS.AST.PRVT.GD.ZS,1993,80.9717012635425
SGP,FS.AST.PRVT.GD.ZS,1992,81.0855367745248
SGP,FS.AST.PRVT.GD.ZS,1991,79.8711021252107
SGP,FS.AST.PRVT.GD.ZS,1990,79.1646747233386
SGP,FS.AST.PRVT.GD.ZS,1989,79.5403573729581
SGP,FS.AST.PRVT.GD.ZS,1988,76.3526930339888
SGP,FS.AST.PRVT.GD.ZS,1987,80.5760765760327
SGP,FS.AST.PRVT.GD.ZS,1986,84.350018462953
SGP,FS.AST.PRVT.GD.ZS,1985,87.6053525455916
SGP,FS.AST.PRVT.GD.ZS,1984,85.3286812491613
SGP,FS.AST.PRVT.GD.ZS,1983,85.6088076094382
SGP,FS.AST.PRVT.GD.ZS,1982,80.1207726625311
SGP,FS.AST.PRVT.GD.ZS,1981,75.3426462836057
SGP,FS.AST.PRVT.GD.ZS,1980,68.9071342425086
SGP,FS.AST.PRVT.GD.ZS,1979,64.5895218814448
SGP,FS.AST.PRVT.GD.ZS,1978,60.193920621244
SGP,FS.AST.PRVT.GD.ZS,1977,58.1721008732236
SGP,FS.AST.PRVT.GD.ZS,1976,57.3403361904635
SGP,FS.AST.PRVT.GD.ZS,1975,56.0067595620853
SGP,FS.AST.PRVT.GD.ZS,1974,53.3145253051109
SGP,FS.AST.PRVT.GD.ZS,1973,59.0826888298896
SGP,FS.AST.PRVT.GD.ZS,1972,50.2511352275875
SGP,FS.AST.PRVT.GD.ZS,1971,44.8779924674238
SGP,FS.AST.PRVT.GD.ZS,1970,45.3115166771554
SGP,FS.AST.PRVT.GD.ZS,1969,41.8003266880523
SGP,FS.AST.PRVT.GD.ZS,1968,38.2870497662909
SGP,FS.AST.PRVT.GD.ZS,1967,35.7793081611652
SGP,FS.AST.PRVT.GD.ZS,1966,37.4806340126326
SGP,FS.AST.PRVT.GD.ZS,1965,37.2704115833222
SGP,FS.AST.PRVT.GD.ZS,1964,37.9219640508549
SGP,FS.AST.PRVT.GD.ZS,1963,33.6774652901388
SGP,IC.BUS.NDNS.ZS,2024,11.5926954126226
SGP,IC.BUS.NDNS.ZS,2023,11.4607566101536
SGP,IC.BUS.NDNS.ZS,2022,10.9819022528954
SGP,IC.BUS.NDNS.ZS,2021,11.0037290536444
SGP,IC.BUS.NDNS.ZS,2020,9.78156534111946
SGP,IC.BUS.NDNS.ZS,2019,9.98900027596319
SGP,IC.BUS.NDNS.ZS,2018,9.89126955880802
SGP,IC.BUS.NDNS.ZS,2017,8.53403812078515
SGP,IC.BUS.NDNS.ZS,2016,8.00381769762482
SGP,IC.BUS.NDNS.ZS,2015,7.86072155961366
SGP,IC.BUS.NDNS.ZS,2014,8.91604403789307
SGP,IC.BUS.NDNS.ZS,2013,8.17895552813501
SGP,IC.BUS.NDNS.ZS,2012,7.53034312008068
SGP,IC.BUS.NDNS.ZS,2011,7.2934317480897
SGP,IC.BUS.NDNS.ZS,2010,6.89363341612483
SGP,IC.BUS.NDNS.ZS,2009,6.21321049461863
SGP,IC.BUS.NDNS.ZS,2008,6.25795567600354
SGP,IC.BUS.NDNS.ZS,2007,6.75035789633375
SGP,IC.BUS.NDNS.ZS,2006,5.83374410441672
SGP,NE.TRD.GNFS.ZS,2025,320.306025413626
SGP,NE.TRD.GNFS.ZS,2024,313.299377202408
SGP,NE.TRD.GNFS.ZS,2023,323.7012199919
SGP,NE.TRD.GNFS.ZS,2022,330.246917062891
SGP,NE.TRD.GNFS.ZS,2021,326.53325458764
SGP,NE.TRD.GNFS.ZS,2020,331.080556828077
SGP,NE.TRD.GNFS.ZS,2019,324.270088576625
SGP,NE.TRD.GNFS.ZS,2018,325.725809994853
SGP,NE.TRD.GNFS.ZS,2017,315.401433455385
SGP,NE.TRD.GNFS.ZS,2016,301.338866227561
SGP,NE.TRD.GNFS.ZS,2015,329.471398940262
SGP,NE.TRD.GNFS.ZS,2014,360.467319166237
SGP,NE.TRD.GNFS.ZS,2013,367.041780049019
SGP,NE.TRD.GNFS.ZS,2012,369.212965787665
SGP,NE.TRD.GNFS.ZS,2011,379.098631377539
SGP,NE.TRD.GNFS.ZS,2010,369.685555787646
SGP,NE.TRD.GNFS.ZS,2009,358.192811828842
SGP,NE.TRD.GNFS.ZS,2008,437.326714891057
SGP,NE.TRD.GNFS.ZS,2007,394.288471919078
SGP,NE.TRD.GNFS.ZS,2006,425.363399543019
SGP,NE.TRD.GNFS.ZS,2005,420.430512920559
SGP,NE.TRD.GNFS.ZS,2004,401.523712538509
SGP,NE.TRD.GNFS.ZS,2003,377.218564301581
SGP,NE.TRD.GNFS.ZS,2002,349.746013985676
SGP,NE.TRD.GNFS.ZS,2001,349.292105694978
SGP,NE.TRD.GNFS.ZS,2000,364.364520468218
SGP,NE.TRD.GNFS.ZS,1999,336.484846412882
SGP,NE.TRD.GNFS.ZS,1998,312.079255674686
SGP,NE.TRD.GNFS.ZS,1997,323.86442214814
SGP,NE.TRD.GNFS.ZS,1996,334.911163288092
SGP,NE.TRD.GNFS.ZS,1995,345.459263895462
SGP,NE.TRD.GNFS.ZS,1994,316.216547584567
SGP,NE.TRD.GNFS.ZS,1993,313.416139807665
SGP,NE.TRD.GNFS.ZS,1992,311.312267281518
SGP,NE.TRD.GNFS.ZS,1991,323.887994825751
SGP,NE.TRD.GNFS.ZS,1990,344.33221784507
SGP,NE.TRD.GNFS.ZS,1989,347.5726856798
SGP,NE.TRD.GNFS.ZS,1988,359.867159003075
SGP,NE.TRD.GNFS.ZS,1987,325.038474626505
SGP,NE.TRD.GNFS.ZS,1986,294.826460468494
SGP,NE.TRD.GNFS.ZS,1985,304.14484567871
SGP,NE.TRD.GNFS.ZS,1984,313.123526254242
SGP,NE.TRD.GNFS.ZS,1983,333.147038730359
SGP,NE.TRD.GNFS.ZS,1982,372.537167610326
SGP,NE.TRD.GNFS.ZS,1981,399.778268318397
SGP,NE.TRD.GNFS.ZS,1980,410.936775211058
SGP,NE.TRD.GNFS.ZS,1979,375.010406221028
SGP,NE.TRD.GNFS.ZS,1978,334.601961019556
SGP,NE.TRD.GNFS.ZS,1977,326.983709610351
SGP,NE.TRD.GNFS.ZS,1976,305.899996000906
SGP,NE.TRD.GNFS.ZS,1975,283.570185086716
SGP,NE.TRD.GNFS.ZS,1974,313.964960955157
SGP,NE.TRD.GNFS.ZS,1973,245.728962253261
SGP,NE.TRD.GNFS.ZS,1972,229.053394842393
SGP,NE.TRD.GNFS.ZS,1971,259.296670947633
SGP,NE.TRD.GNFS.ZS,1970,271.059479870053
SGP,NE.TRD.GNFS.ZS,1969,273.697675791628
SGP,NE.TRD.GNFS.ZS,1968,256.800476583265
SGP,NE.TRD.GNFS.ZS,1967,235.934985091955
SGP,NE.TRD.GNFS.ZS,1966,253.777857227982
SGP,NE.TRD.GNFS.ZS,1965,257.54122536533
SGP,NE.TRD.GNFS.ZS,1964,255.030688294608
SGP,NE.TRD.GNFS.ZS,1963,296.88145247419
SGP,NE.TRD.GNFS.ZS,1962,286.644526153481
SGP,NE.TRD.GNFS.ZS,1961,299.401888324006
SGP,NE.TRD.GNFS.ZS,1960,339.30657272643
SGP,BX.KLT.DINV.WD.GD.ZS,2025,26.3447254389071
SGP,BX.KLT.DINV.WD.GD.ZS,2024,23.5787255966584
SGP,BX.KLT.DINV.WD.GD.ZS,2023,24.607056245637
SGP,BX.KLT.DINV.WD.GD.ZS,2022,28.0305519383786
SGP,BX.KLT.DINV.WD.GD.ZS,2021,32.2624851402185
SGP,BX.KLT.DINV.WD.GD.ZS,2020,22.5843942948636
SGP,BX.KLT.DINV.WD.GD.ZS,2019,28.1758142041642
SGP,BX.KLT.DINV.WD.GD.ZS,2018,22.7862106121625
SGP,BX.KLT.DINV.WD.GD.ZS,2017,29.5741008560154
SGP,BX.KLT.DINV.WD.GD.ZS,2016,20.3059406285478
SGP,BX.KLT.DINV.WD.GD.ZS,2015,22.6541826890491
SGP,BX.KLT.DINV.WD.GD.ZS,2014,21.8184880782679
SGP,BX.KLT.DINV.WD.GD.ZS,2013,20.9344810446532
SGP,BX.KLT.DINV.WD.GD.ZS,2012,18.7435244231802
SGP,BX.KLT.DINV.WD.GD.ZS,2011,17.5960314065854
SGP,BX.KLT.DINV.WD.GD.ZS,2010,23.0694716770802
SGP,BX.KLT.DINV.WD.GD.ZS,2009,12.0710944143275
SGP,BX.KLT.DINV.WD.GD.ZS,2008,7.02328608228286
SGP,BX.KLT.DINV.WD.GD.ZS,2007,26.1619888768056
SGP,BX.KLT.DINV.WD.GD.ZS,2006,26.3271523046735
SGP,BX.KLT.DINV.WD.GD.ZS,2005,15.1133588478775
SGP,BX.KLT.DINV.WD.GD.ZS,2004,21.2027237505542
SGP,BX.KLT.DINV.WD.GD.ZS,2003,17.4624153696896
SGP,BX.KLT.DINV.WD.GD.ZS,2002,6.65366588247055
SGP,BX.KLT.DINV.WD.GD.ZS,2001,18.9398606857353
SGP,BX.KLT.DINV.WD.GD.ZS,2000,16.1488904515269
SGP,BX.KLT.DINV.WD.GD.ZS,1999,21.8492034558928
SGP,BX.KLT.DINV.WD.GD.ZS,1998,6.95062480351291
SGP,BX.KLT.DINV.WD.GD.ZS,1997,15.6823709085456
SGP,BX.KLT.DINV.WD.GD.ZS,1996,11.8724659997363
SGP,BX.KLT.DINV.WD.GD.ZS,1995,13.6003946544884
SGP,BX.KLT.DINV.WD.GD.ZS,1994,11.6030848586318
SGP,BX.KLT.DINV.WD.GD.ZS,1993,7.73270125338351
SGP,BX.KLT.DINV.WD.GD.ZS,1992,4.22844121278652
SGP,BX.KLT.DINV.WD.GD.ZS,1991,10.7488600422674
SGP,BX.KLT.DINV.WD.GD.ZS,1990,15.4235472379855
SGP,BX.KLT.DINV.WD.GD.ZS,1989,9.47499553012531
SGP,BX.KLT.DINV.WD.GD.ZS,1988,14.4051395946458
SGP,BX.KLT.DINV.WD.GD.ZS,1987,13.5578926036223
SGP,BX.KLT.DINV.WD.GD.ZS,1986,9.20162995625447
SGP,BX.KLT.DINV.WD.GD.ZS,1985,5.46417677336253
SGP,BX.KLT.DINV.WD.GD.ZS,1984,6.59196673143056
SGP,BX.KLT.DINV.WD.GD.ZS,1983,6.37594925354328
SGP,BX.KLT.DINV.WD.GD.ZS,1982,9.95912280287286
SGP,BX.KLT.DINV.WD.GD.ZS,1981,11.7103417060639
SGP,BX.KLT.DINV.WD.GD.ZS,1980,10.3877283805227
SGP,BX.KLT.DINV.WD.GD.ZS,1979,8.99256617445563
SGP,BX.KLT.DINV.WD.GD.ZS,1978,3.98964635197497
SGP,BX.KLT.DINV.WD.GD.ZS,1977,4.40373752423198
SGP,BX.KLT.DINV.WD.GD.ZS,1976,3.64608469550863
SGP,BX.KLT.DINV.WD.GD.ZS,1975,5.17997765554911
SGP,BX.KLT.DINV.WD.GD.ZS,1974,6.51515231832985
SGP,BX.KLT.DINV.WD.GD.ZS,1973,9.54535545181456
SGP,BX.KLT.DINV.WD.GD.ZS,1972,5.91843320736071
SGP,BX.KLT.DINV.WD.GD.ZS,1971,5.12416052179685
SGP,BX.KLT.DINV.WD.GD.ZS,1970,4.84230197472488
